Local time,Open,High,Low,Close,Volume
31.12.2021 23:00:00.000 GMT+0100,4772.339,4772.339,4772.339,4772.339,0
01.01.2022 23:00:00.000 GMT+0100,4772.339,4772.339,4772.339,4772.339,0
02.01.2022 23:00:00.000 GMT+0100,4779.636,4799.342,4755.933,4793.945,154.357
03.01.2022 23:00:00.000 GMT+0100,4794.036,4816.999,4773.636,4790.836,141.3611
04.01.2022 23:00:00.000 GMT+0100,4792.048,4797.145,4698.099,4707.042,190.4818
05.01.2022 23:00:00.000 GMT+0100,4701.248,4725.348,4671.133,4701.051,322.7452
06.01.2022 23:00:00.000 GMT+0100,4706.254,4714.299,4662.742,4676.799,230.57189999999997
07.01.2022 23:00:00.000 GMT+0100,4676.799,4676.799,4676.799,4676.799,0
08.01.2022 23:00:00.000 GMT+0100,4676.799,4676.799,4676.799,4676.799,0
09.01.2022 23:00:00.000 GMT+0100,4679.142,4690.299,4581.000,4670.048,286.4454999999999
10.01.2022 23:00:00.000 GMT+0100,4672.545,4716.248,4636.333,4713.451,253.0642
11.01.2022 23:00:00.000 GMT+0100,4713.742,4748.399,4703.733,4730.245,206.03889999999998
12.01.2022 23:00:00.000 GMT+0100,4727.499,4744.651,4650.933,4660.133,214.18580000000003
13.01.2022 23:00:00.000 GMT+0100,4662.851,4675.154,4614.442,4667.699,325.1564
14.01.2022 23:00:00.000 GMT+0100,4667.699,4667.699,4667.699,4667.699,0
15.01.2022 23:00:00.000 GMT+0100,4667.699,4667.699,4667.699,4667.699,0
16.01.2022 23:00:00.000 GMT+0100,4674.642,4679.651,4647.151,4661.751,124.02000000000001
17.01.2022 23:00:00.000 GMT+0100,4665.845,4670.199,4568.333,4580.251,309.8733000000001
18.01.2022 23:00:00.000 GMT+0100,4587.439,4611.142,4529.033,4532.736,315.78630000000004
19.01.2022 23:00:00.000 GMT+0100,4533.536,4601.899,4472.548,4474.533,303.2653000000001
20.01.2022 23:00:00.000 GMT+0100,4464.736,4494.352,4390.036,4393.251,426.96380000000005
21.01.2022 23:00:00.000 GMT+0100,4393.251,4393.251,4393.251,4393.251,0
22.01.2022 23:00:00.000 GMT+0100,4393.251,4393.251,4393.251,4393.251,0
23.01.2022 23:00:00.000 GMT+0100,4396.142,4435.052,4220.633,4413.348,619.1302000000001
24.01.2022 23:00:00.000 GMT+0100,4410.236,4414.051,4284.139,4344.054,795.6382
25.01.2022 23:00:00.000 GMT+0100,4318.854,4454.599,4303.031,4337.433,584.174
26.01.2022 23:00:00.000 GMT+0100,4356.448,4429.848,4271.745,4331.148,480.2599
27.01.2022 23:00:00.000 GMT+0100,4357.536,4434.036,4273.745,4421.248,448.44620000000003
28.01.2022 23:00:00.000 GMT+0100,4421.248,4421.248,4421.248,4421.248,0
29.01.2022 23:00:00.000 GMT+0100,4421.248,4421.248,4421.248,4421.248,0
30.01.2022 23:00:00.000 GMT+0100,4431.599,4516.854,4403.742,4500.133,246.07780000000002
31.01.2022 23:00:00.000 GMT+0100,4502.748,4551.299,4483.333,4550.542,238.93500000000006
01.02.2022 23:00:00.000 GMT+0100,4561.139,4594.697,4544.736,4554.533,308.2632999999999
02.02.2022 23:00:00.000 GMT+0100,4553.540,4556.552,4470.839,4508.733,351.16400000000004
03.02.2022 23:00:00.000 GMT+0100,4525.133,4540.942,4446.936,4495.451,405.9230999999999
04.02.2022 23:00:00.000 GMT+0100,4495.451,4495.451,4495.451,4495.451,0
05.02.2022 23:00:00.000 GMT+0100,4495.451,4495.451,4495.451,4495.451,0
06.02.2022 23:00:00.000 GMT+0100,4505.251,4523.097,4471.536,4491.442,355.716
07.02.2022 23:00:00.000 GMT+0100,4492.751,4531.845,4465.254,4523.942,270.97419999999994
08.02.2022 23:00:00.000 GMT+0100,4525.854,4590.048,4525.233,4587.533,171.2431
09.02.2022 23:00:00.000 GMT+0100,4590.399,4590.399,4483.949,4499.745,321.7138
10.02.2022 23:00:00.000 GMT+0100,4502.248,4527.639,4400.233,4419.745,307.8544
11.02.2022 23:00:00.000 GMT+0100,4419.745,4419.745,4419.745,4419.745,0
12.02.2022 23:00:00.000 GMT+0100,4419.745,4419.745,4419.745,4419.745,0
13.02.2022 23:00:00.000 GMT+0100,4418.254,4434.154,4360.639,4403.542,349.20799999999997
14.02.2022 23:00:00.000 GMT+0100,4401.954,4474.746,4388.736,4460.942,214.6593
15.02.2022 23:00:00.000 GMT+0100,4464.605,4489.854,4429.242,4470.948,188.7243
16.02.2022 23:00:00.000 GMT+0100,4471.751,4479.499,4372.239,4379.299,310.4469
17.02.2022 23:00:00.000 GMT+0100,4378.148,4415.799,4326.236,4354.942,437.8183
18.02.2022 23:00:00.000 GMT+0100,4354.942,4354.942,4354.942,4354.942,0
19.02.2022 23:00:00.000 GMT+0100,4354.942,4354.942,4354.942,4354.942,0
20.02.2022 23:00:00.000 GMT+0100,4326.670,4396.189,4290.599,4292.154,206.37679999999997
21.02.2022 23:00:00.000 GMT+0100,4272.133,4363.799,4255.154,4319.942,686.5433999999999
22.02.2022 23:00:00.000 GMT+0100,4315.433,4349.699,4221.033,4228.748,426.1173999999999
23.02.2022 23:00:00.000 GMT+0100,4220.052,4295.348,4106.536,4271.448,766.8963000000001
24.02.2022 23:00:00.000 GMT+0100,4271.836,4387.899,4232.351,4383.851,649.5918
25.02.2022 23:00:00.000 GMT+0100,4383.851,4383.851,4383.851,4383.851,0
26.02.2022 23:00:00.000 GMT+0100,4383.851,4383.851,4383.851,4383.851,0
27.02.2022 23:00:00.000 GMT+0100,4298.654,4389.648,4257.536,4372.342,737.8883000000001
28.02.2022 23:00:00.000 GMT+0100,4373.148,4402.699,4278.939,4317.645,583.2197000000001
01.03.2022 23:00:00.000 GMT+0100,4313.651,4402.336,4282.142,4381.539,556.8907999999999
02.03.2022 23:00:00.000 GMT+0100,4376.739,4421.299,4343.833,4367.051,443.65349999999995
03.03.2022 23:00:00.000 GMT+0100,4370.039,4377.042,4284.533,4323.236,643.6575000000001
04.03.2022 23:00:00.000 GMT+0100,4323.236,4323.236,4323.236,4323.236,0
05.03.2022 23:00:00.000 GMT+0100,4323.236,4323.236,4323.236,4323.236,0
06.03.2022 23:00:00.000 GMT+0100,4307.942,4327.999,4187.536,4195.031,715.3945000000001
07.03.2022 23:00:00.000 GMT+0100,4188.248,4277.199,4141.051,4160.151,452.059
08.03.2022 23:00:00.000 GMT+0100,4154.299,4299.843,4153.654,4275.545,346.5063
09.03.2022 23:00:00.000 GMT+0100,4280.733,4283.299,4209.333,4262.254,292.9787
10.03.2022 23:00:00.000 GMT+0100,4261.743,4337.699,4199.442,4206.842,282.61560000000003
11.03.2022 23:00:00.000 GMT+0100,4206.842,4206.842,4206.842,4206.842,0
12.03.2022 23:00:00.000 GMT+0100,4206.842,4206.842,4206.842,4206.842,0
13.03.2022 22:00:00.000 GMT+0100,4220.954,4253.654,4160.948,4180.854,311.28510000000006
14.03.2022 22:00:00.000 GMT+0100,4181.533,4270.799,4138.033,4255.145,274.8586
15.03.2022 22:00:00.000 GMT+0100,4257.654,4361.548,4247.142,4357.339,266.76359999999994
16.03.2022 22:00:00.000 GMT+0100,4367.648,4415.548,4328.833,4404.333,221.30590000000004
17.03.2022 22:00:00.000 GMT+0100,4395.254,4467.697,4373.548,4465.848,203.05780000000001
18.03.2022 22:00:00.000 GMT+0100,4465.848,4465.848,4465.848,4465.848,0
19.03.2022 22:00:00.000 GMT+0100,4465.848,4465.848,4465.848,4465.848,0
20.03.2022 22:00:00.000 GMT+0100,4465.742,4482.054,4424.233,4464.551,273.7485000000001
21.03.2022 22:00:00.000 GMT+0100,4464.933,4522.443,4441.037,4512.848,191.0174
22.03.2022 22:00:00.000 GMT+0100,4510.199,4521.699,4452.336,4454.899,218.14159999999998
23.03.2022 22:00:00.000 GMT+0100,4456.436,4522.999,4453.036,4521.133,221.0173
24.03.2022 22:00:00.000 GMT+0100,4524.248,4546.299,4500.733,4542.451,247.08379999999997
25.03.2022 22:00:00.000 GMT+0100,4542.451,4542.451,4542.451,4542.451,0
26.03.2022 22:00:00.000 GMT+0100,4542.451,4542.451,4542.451,4542.451,0
27.03.2022 23:00:00.000 GMT+0200,4539.245,4578.954,4517.039,4577.254,227.3112
28.03.2022 23:00:00.000 GMT+0200,4576.648,4636.854,4572.239,4626.242,219.75570000000005
29.03.2022 23:00:00.000 GMT+0200,4626.733,4633.299,4579.954,4606.139,179.10390000000004
30.03.2022 23:00:00.000 GMT+0200,4606.633,4619.399,4531.733,4547.651,173.5744
31.03.2022 23:00:00.000 GMT+0200,4546.051,4560.651,4506.736,4537.345,189.0571
01.04.2022 23:00:00.000 GMT+0200,4537.345,4537.345,4537.345,4537.345,0
02.04.2022 23:00:00.000 GMT+0200,4537.345,4537.345,4537.345,4537.345,0
03.04.2022 23:00:00.000 GMT+0200,4543.636,4585.499,4533.154,4581.433,136.12869999999998
04.04.2022 23:00:00.000 GMT+0200,4580.833,4593.799,4513.442,4527.336,156.09179999999998
05.04.2022 23:00:00.000 GMT+0200,4531.342,4533.399,4449.345,4478.754,294.8498
06.04.2022 23:00:00.000 GMT+0200,4475.448,4522.054,4450.299,4503.454,246.8698
07.04.2022 23:00:00.000 GMT+0200,4500.636,4525.451,4474.545,4489.546,178.88950000000003
08.04.2022 23:00:00.000 GMT+0200,4489.546,4489.546,4489.546,4489.546,0
09.04.2022 23:00:00.000 GMT+0200,4489.546,4489.546,4489.546,4489.546,0
10.04.2022 23:00:00.000 GMT+0200,4493.536,4496.251,4408.833,4412.548,178.6598
11.04.2022 23:00:00.000 GMT+0200,4415.651,4471.799,4380.733,4400.139,189.1546
12.04.2022 23:00:00.000 GMT+0200,4400.742,4454.154,4388.733,4442.733,150.06670000000003
13.04.2022 23:00:00.000 GMT+0200,4443.299,4460.399,4389.733,4390.036,134.91119999999998
14.04.2022 23:00:00.000 GMT+0200,4390.036,4390.036,4390.036,4390.036,0
15.04.2022 23:00:00.000 GMT+0200,4390.036,4390.036,4390.036,4390.036,0
16.04.2022 23:00:00.000 GMT+0200,4390.036,4390.036,4390.036,4390.036,0
17.04.2022 23:00:00.000 GMT+0200,4386.454,4410.851,4360.248,4405.036,122.4894
18.04.2022 23:00:00.000 GMT+0200,4405.645,4471.652,4376.542,4438.945,137.60250000000002
19.04.2022 23:00:00.000 GMT+0200,4443.034,4488.899,4437.739,4470.736,166.90619999999998
20.04.2022 23:00:00.000 GMT+0200,4473.054,4513.654,4384.134,4391.036,312.37409999999994
21.04.2022 23:00:00.000 GMT+0200,4391.054,4397.054,4256.648,4259.433,368.0326
22.04.2022 23:00:00.000 GMT+0200,4259.433,4259.433,4259.433,4259.433,0
23.04.2022 23:00:00.000 GMT+0200,4259.433,4259.433,4259.433,4259.433,0
24.04.2022 23:00:00.000 GMT+0200,4267.136,4300.399,4199.436,4293.899,531.8203
25.04.2022 23:00:00.000 GMT+0200,4297.233,4307.542,4150.551,4158.751,365.64500000000004
26.04.2022 23:00:00.000 GMT+0200,4157.951,4241.654,4154.239,4196.054,525.848
27.04.2022 23:00:00.000 GMT+0200,4220.836,4308.748,4187.936,4263.133,389.1763
28.04.2022 23:00:00.000 GMT+0200,4240.739,4284.554,4123.945,4146.039,439.5341
29.04.2022 23:00:00.000 GMT+0200,4146.039,4146.039,4146.039,4146.039,0
30.04.2022 23:00:00.000 GMT+0200,4146.039,4146.039,4146.039,4146.039,0
01.05.2022 23:00:00.000 GMT+0200,4141.448,4170.348,4061.633,4149.545,569.5045
02.05.2022 23:00:00.000 GMT+0200,4151.999,4200.842,4134.433,4178.599,466.26770000000005
03.05.2022 23:00:00.000 GMT+0200,4176.242,4308.199,4148.139,4294.233,380.25960000000003
04.05.2022 23:00:00.000 GMT+0200,4294.648,4305.399,4105.131,4156.933,514.2902
05.05.2022 23:00:00.000 GMT+0200,4150.142,4158.154,4067.245,4110.299,673.7542000000001
06.05.2022 23:00:00.000 GMT+0200,4110.299,4110.299,4110.299,4110.299,0
07.05.2022 23:00:00.000 GMT+0200,4110.299,4110.299,4110.299,4110.299,0
08.05.2022 23:00:00.000 GMT+0200,4102.245,4103.445,3975.054,4003.454,616.4640999999999
09.05.2022 23:00:00.000 GMT+0200,3998.436,4070.399,3957.331,3996.736,655.5194000000001
10.05.2022 23:00:00.000 GMT+0200,3994.854,4054.551,3928.633,3945.039,623.7917
11.05.2022 23:00:00.000 GMT+0200,3943.497,3965.139,3858.833,3925.045,619.5191
12.05.2022 23:00:00.000 GMT+0200,3922.445,4039.699,3919.548,4015.236,207.9882
13.05.2022 23:00:00.000 GMT+0200,4015.236,4015.236,4015.236,4015.236,0
14.05.2022 23:00:00.000 GMT+0200,4015.236,4015.236,4015.236,4015.236,0
15.05.2022 23:00:00.000 GMT+0200,4028.233,4046.746,3983.133,4006.445,269.92449999999997
16.05.2022 23:00:00.000 GMT+0200,4003.648,4092.252,4003.451,4092.039,208.7325
17.05.2022 23:00:00.000 GMT+0200,4093.751,4097.299,3910.951,3913.551,227.4674
18.05.2022 23:00:00.000 GMT+0200,3918.348,3946.139,3858.851,3900.433,332.8529
19.05.2022 23:00:00.000 GMT+0200,3901.446,3951.997,3810.239,3899.654,259.9442
20.05.2022 23:00:00.000 GMT+0200,3899.654,3899.654,3899.654,3899.654,0
21.05.2022 23:00:00.000 GMT+0200,3899.654,3899.654,3899.654,3899.654,0
22.05.2022 23:00:00.000 GMT+0200,3916.448,3984.254,3908.848,3977.945,265.4616
23.05.2022 23:00:00.000 GMT+0200,3945.734,3955.952,3873.745,3949.342,264.7473
24.05.2022 23:00:00.000 GMT+0200,3952.148,3999.049,3915.536,3972.745,255.5294
25.05.2022 23:00:00.000 GMT+0200,3972.848,4074.597,3961.933,4049.742,179.8388
26.05.2022 23:00:00.000 GMT+0200,4048.699,4163.597,4042.151,4162.045,147.5619
27.05.2022 23:00:00.000 GMT+0200,4162.045,4162.045,4162.045,4162.045,0
28.05.2022 23:00:00.000 GMT+0200,4162.045,4162.045,4162.045,4162.045,0
29.05.2022 23:00:00.000 GMT+0200,4167.036,4203.754,4159.433,4177.836,95.1721
30.05.2022 23:00:00.000 GMT+0200,4178.748,4181.599,4104.636,4130.448,264.0833999999999
31.05.2022 23:00:00.000 GMT+0200,4137.033,4166.199,4073.199,4100.299,227.54450000000003
01.06.2022 23:00:00.000 GMT+0200,4097.633,4177.552,4073.031,4171.042,205.88129999999998
02.06.2022 23:00:00.000 GMT+0200,4178.542,4189.899,4097.945,4113.848,206.98250000000002
03.06.2022 23:00:00.000 GMT+0200,4113.848,4113.848,4113.848,4113.848,0
04.06.2022 23:00:00.000 GMT+0200,4113.848,4113.848,4113.848,4113.848,0
05.06.2022 23:00:00.000 GMT+0200,4116.045,4169.154,4105.539,4117.833,175.6414
06.06.2022 23:00:00.000 GMT+0200,4121.945,4164.954,4076.845,4155.848,162.8196
07.06.2022 23:00:00.000 GMT+0200,4151.454,4160.345,4106.339,4117.933,274.3631
08.06.2022 23:00:00.000 GMT+0200,4116.743,4144.099,4016.151,4021.048,333.57710000000003
09.06.2022 23:00:00.000 GMT+0200,4026.334,4030.454,3897.033,3909.599,413.0415
10.06.2022 23:00:00.000 GMT+0200,3909.599,3909.599,3909.599,3909.599,0
11.06.2022 23:00:00.000 GMT+0200,3909.599,3909.599,3909.599,3909.599,0
12.06.2022 23:00:00.000 GMT+0200,3869.051,3878.048,3734.933,3755.045,533.7297000000001
13.06.2022 23:00:00.000 GMT+0200,3758.231,3805.752,3707.033,3733.451,276.42349999999993
14.06.2022 23:00:00.000 GMT+0200,3741.154,3839.097,3720.346,3786.742,262.96970000000005
15.06.2022 23:00:00.000 GMT+0200,3798.142,3829.154,3638.534,3675.239,413.42409999999995
16.06.2022 23:00:00.000 GMT+0200,3677.754,3709.499,3635.554,3675.799,341.4218
17.06.2022 23:00:00.000 GMT+0200,3675.799,3675.799,3675.799,3675.799,0
18.06.2022 23:00:00.000 GMT+0200,3675.799,3675.799,3675.799,3675.799,0
19.06.2022 23:00:00.000 GMT+0200,3683.448,3721.054,3658.436,3711.348,137.1169
20.06.2022 23:00:00.000 GMT+0200,3712.246,3780.054,3706.936,3763.439,151.73600000000002
21.06.2022 23:00:00.000 GMT+0200,3763.797,3801.951,3689.733,3762.842,208.8225
22.06.2022 23:00:00.000 GMT+0200,3757.439,3802.597,3731.933,3785.448,240.40919999999997
23.06.2022 23:00:00.000 GMT+0200,3782.148,3916.099,3778.733,3905.139,207.87879999999998
24.06.2022 23:00:00.000 GMT+0200,3905.139,3905.139,3905.139,3905.139,0
25.06.2022 23:00:00.000 GMT+0200,3905.139,3905.139,3905.139,3905.139,0
26.06.2022 23:00:00.000 GMT+0200,3917.542,3944.399,3888.745,3903.999,276.2574
27.06.2022 23:00:00.000 GMT+0200,3903.954,3946.097,3817.839,3821.051,285.55969999999996
28.06.2022 23:00:00.000 GMT+0200,3823.633,3835.599,3797.033,3814.233,388.64549999999997
29.06.2022 23:00:00.000 GMT+0200,3819.445,3819.948,3737.342,3776.639,364.3125
30.06.2022 23:00:00.000 GMT+0200,3777.833,3830.599,3741.845,3822.439,272.6602
01.07.2022 23:00:00.000 GMT+0200,3822.439,3822.439,3822.439,3822.439,0
02.07.2022 23:00:00.000 GMT+0200,3822.439,3822.439,3822.439,3822.439,0
03.07.2022 23:00:00.000 GMT+0200,3823.836,3823.951,3790.131,3810.039,137.1446
04.07.2022 23:00:00.000 GMT+0200,3812.133,3854.699,3741.940,3827.148,352.6499
05.07.2022 23:00:00.000 GMT+0200,3833.239,3871.699,3805.533,3848.754,408.44089999999994
06.07.2022 23:00:00.000 GMT+0200,3850.036,3910.636,3829.145,3896.833,211.28959999999998
07.07.2022 23:00:00.000 GMT+0200,3895.548,3918.499,3864.551,3902.048,259.6867
08.07.2022 23:00:00.000 GMT+0200,3902.048,3902.048,3902.048,3902.048,0
09.07.2022 23:00:00.000 GMT+0200,3902.048,3902.048,3902.048,3902.048,0
10.07.2022 23:00:00.000 GMT+0200,3893.933,3896.251,3847.336,3859.739,228.51320000000004
11.07.2022 23:00:00.000 GMT+0200,3858.742,3873.633,3801.337,3818.239,249.68449999999999
12.07.2022 23:00:00.000 GMT+0200,3821.840,3868.048,3748.448,3794.899,329.9695
13.07.2022 23:00:00.000 GMT+0200,3790.742,3801.740,3719.833,3794.645,313.9058
14.07.2022 23:00:00.000 GMT+0200,3795.936,3863.351,3777.451,3860.451,259.9076
15.07.2022 23:00:00.000 GMT+0200,3860.451,3860.451,3860.451,3860.451,0
16.07.2022 23:00:00.000 GMT+0200,3860.451,3860.451,3860.451,3860.451,0
17.07.2022 23:00:00.000 GMT+0200,3873.354,3905.754,3817.533,3834.454,196.6875
18.07.2022 23:00:00.000 GMT+0200,3834.454,3939.497,3831.336,3938.899,183.0854
19.07.2022 23:00:00.000 GMT+0200,3943.542,3973.754,3918.645,3956.033,226.81660000000002
20.07.2022 23:00:00.000 GMT+0200,3952.231,4001.249,3927.136,3986.733,269.46650000000005
21.07.2022 23:00:00.000 GMT+0200,3985.533,4012.843,3938.333,3959.099,240.49319999999997
22.07.2022 23:00:00.000 GMT+0200,3959.099,3959.099,3959.099,3959.099,0
23.07.2022 23:00:00.000 GMT+0200,3959.099,3959.099,3959.099,3959.099,0
24.07.2022 23:00:00.000 GMT+0200,3959.439,3985.299,3943.142,3970.548,220.69679999999997
25.07.2022 23:00:00.000 GMT+0200,3955.431,3961.354,3910.242,3928.651,182.56769999999997
26.07.2022 23:00:00.000 GMT+0200,3936.333,4040.154,3936.333,4013.033,205.17849999999999
27.07.2022 23:00:00.000 GMT+0200,4018.148,4086.099,3991.445,4078.645,207.52389999999997
28.07.2022 23:00:00.000 GMT+0200,4098.539,4140.999,4078.145,4129.248,191.0904
29.07.2022 23:00:00.000 GMT+0200,4129.248,4129.248,4129.248,4129.248,0
30.07.2022 23:00:00.000 GMT+0200,4129.248,4129.248,4129.248,4129.248,0
31.07.2022 23:00:00.000 GMT+0200,4132.333,4145.299,4094.631,4120.651,206.15659999999997
01.08.2022 23:00:00.000 GMT+0200,4119.251,4140.597,4078.754,4090.442,246.4317
02.08.2022 23:00:00.000 GMT+0200,4095.254,4167.952,4082.239,4151.342,197.31780000000003
03.08.2022 23:00:00.000 GMT+0200,4150.439,4170.799,4134.645,4151.399,207.8877
04.08.2022 23:00:00.000 GMT+0200,4150.336,4164.051,4101.554,4139.939,207.7832
05.08.2022 23:00:00.000 GMT+0200,4139.939,4139.939,4139.939,4139.939,0
06.08.2022 23:00:00.000 GMT+0200,4139.939,4139.939,4139.939,4139.939,0
07.08.2022 23:00:00.000 GMT+0200,4147.151,4186.799,4128.142,4143.599,177.63590000000002
08.08.2022 23:00:00.000 GMT+0200,4146.899,4153.399,4111.239,4126.142,167.6679
09.08.2022 23:00:00.000 GMT+0200,4126.631,4211.099,4111.951,4205.933,162.1492
10.08.2022 23:00:00.000 GMT+0200,4206.937,4257.554,4200.451,4212.548,163.8002
11.08.2022 23:00:00.000 GMT+0200,4215.239,4279.654,4205.333,4275.533,134.8264
12.08.2022 23:00:00.000 GMT+0200,4275.533,4275.533,4275.533,4275.533,0
13.08.2022 23:00:00.000 GMT+0200,4275.533,4275.533,4275.533,4275.533,0
14.08.2022 23:00:00.000 GMT+0200,4274.848,4300.848,4245.936,4292.299,114.16820000000001
15.08.2022 23:00:00.000 GMT+0200,4291.439,4325.699,4275.851,4301.236,131.42069999999998
16.08.2022 23:00:00.000 GMT+0200,4308.845,4312.339,4252.533,4278.299,186.7269
17.08.2022 23:00:00.000 GMT+0200,4274.251,4292.199,4254.739,4281.236,161.51780000000008
18.08.2022 23:00:00.000 GMT+0200,4283.742,4284.554,4218.154,4228.051,144.91660000000002
19.08.2022 23:00:00.000 GMT+0200,4228.051,4228.051,4228.051,4228.051,0
20.08.2022 23:00:00.000 GMT+0200,4228.051,4228.051,4228.051,4228.051,0
21.08.2022 23:00:00.000 GMT+0200,4214.433,4218.149,4129.048,4141.951,165.63869999999997
22.08.2022 23:00:00.000 GMT+0200,4143.999,4159.099,4115.133,4127.133,191.51309999999998
23.08.2022 23:00:00.000 GMT+0200,4126.248,4156.548,4108.699,4144.642,166.80129999999997
24.08.2022 23:00:00.000 GMT+0200,4146.799,4201.251,4141.199,4192.754,146.8311
25.08.2022 23:00:00.000 GMT+0200,4196.948,4215.499,4052.336,4056.854,209.7123
26.08.2022 23:00:00.000 GMT+0200,4056.854,4056.854,4056.854,4056.854,0
27.08.2022 23:00:00.000 GMT+0200,4056.854,4056.854,4056.854,4056.854,0
28.08.2022 23:00:00.000 GMT+0200,4026.957,4063.154,4006.199,4030.736,243.1926
29.08.2022 23:00:00.000 GMT+0200,4034.439,4071.499,3964.233,3989.933,245.85420000000002
30.08.2022 23:00:00.000 GMT+0200,3986.545,4016.699,3952.136,3958.648,287.5202
31.08.2022 23:00:00.000 GMT+0200,3957.539,3970.351,3902.154,3959.536,286.9796
01.09.2022 23:00:00.000 GMT+0200,3966.945,4018.554,3905.542,3928.748,284.26939999999996
02.09.2022 23:00:00.000 GMT+0200,3928.748,3928.748,3928.748,3928.748,0
03.09.2022 23:00:00.000 GMT+0200,3928.748,3928.748,3928.748,3928.748,0
04.09.2022 23:00:00.000 GMT+0200,3928.842,3941.799,3914.742,3935.345,143.8649
05.09.2022 23:00:00.000 GMT+0200,3935.799,3961.597,3885.848,3905.839,294.59860000000003
06.09.2022 23:00:00.000 GMT+0200,3907.451,3988.197,3883.039,3976.339,264.8332
07.09.2022 23:00:00.000 GMT+0200,3982.451,4010.799,3941.748,4009.651,273.8855
08.09.2022 23:00:00.000 GMT+0200,4009.899,4076.799,4005.636,4064.151,166.6558
09.09.2022 23:00:00.000 GMT+0200,4064.151,4064.151,4064.151,4064.151,0
10.09.2022 23:00:00.000 GMT+0200,4064.151,4064.151,4064.151,4064.151,0
11.09.2022 23:00:00.000 GMT+0200,4081.248,4119.299,4062.136,4113.342,222.89979999999997
12.09.2022 23:00:00.000 GMT+0200,4118.233,4154.939,3919.936,3936.333,258.91439999999994
13.09.2022 23:00:00.000 GMT+0200,3936.933,3962.251,3910.236,3945.633,295.6075000000001
14.09.2022 23:00:00.000 GMT+0200,3952.031,3958.252,3887.345,3905.542,247.7523
15.09.2022 23:00:00.000 GMT+0200,3884.199,3884.799,3835.846,3877.051,250.3492
16.09.2022 23:00:00.000 GMT+0200,3877.051,3877.051,3877.051,3877.051,0
17.09.2022 23:00:00.000 GMT+0200,3877.051,3877.051,3877.051,3877.051,0
18.09.2022 23:00:00.000 GMT+0200,3874.436,3910.148,3828.845,3902.348,248.23720000000003
19.09.2022 23:00:00.000 GMT+0200,3906.145,3919.354,3826.748,3862.836,224.42090000000002
20.09.2022 23:00:00.000 GMT+0200,3861.443,3907.746,3783.245,3788.254,290.1423
21.09.2022 23:00:00.000 GMT+0200,3779.537,3816.651,3748.733,3759.999,346.5692
22.09.2022 23:00:00.000 GMT+0200,3761.643,3768.452,3646.236,3693.851,309.33090000000004
23.09.2022 23:00:00.000 GMT+0200,3693.851,3693.851,3693.851,3693.851,0
24.09.2022 23:00:00.000 GMT+0200,3693.851,3693.851,3693.851,3693.851,0
25.09.2022 23:00:00.000 GMT+0200,3693.845,3715.999,3643.454,3652.848,417.5772
26.09.2022 23:00:00.000 GMT+0200,3653.642,3717.599,3621.742,3649.139,380.9574
27.09.2022 23:00:00.000 GMT+0200,3652.448,3737.097,3600.000,3720.742,475.18410000000006
28.09.2022 23:00:00.000 GMT+0200,3715.948,3721.299,3609.251,3643.442,429.01500000000004
29.09.2022 23:00:00.000 GMT+0200,3643.934,3680.212,3583.245,3599.462,207.85949999999997
30.09.2022 23:00:00.000 GMT+0200,3599.462,3599.462,3599.462,3599.462,0
01.10.2022 23:00:00.000 GMT+0200,3599.462,3599.462,3599.462,3599.462,0
02.10.2022 23:00:00.000 GMT+0200,3582.615,3698.520,3560.150,3682.515,76.09519999999999
03.10.2022 23:00:00.000 GMT+0200,3682.675,3795.331,3673.613,3788.878,63.157399999999996
04.10.2022 23:00:00.000 GMT+0200,3788.078,3807.011,3722.225,3789.762,54.56
05.10.2022 23:00:00.000 GMT+0200,3781.572,3805.598,3738.245,3742.305,66.7534
06.10.2022 23:00:00.000 GMT+0200,3730.863,3750.829,3620.410,3636.963,66.4501
07.10.2022 23:00:00.000 GMT+0200,3636.963,3636.963,3636.963,3636.963,0
08.10.2022 23:00:00.000 GMT+0200,3636.963,3636.963,3636.963,3636.963,0
09.10.2022 23:00:00.000 GMT+0200,3627.348,3655.726,3588.100,3613.982,67.80860000000001
10.10.2022 23:00:00.000 GMT+0200,3613.018,3640.895,3567.682,3590.480,89.4571
11.10.2022 23:00:00.000 GMT+0200,3594.828,3623.366,3573.918,3580.092,88.52430000000001
12.10.2022 23:00:00.000 GMT+0200,3583.272,3685.001,3489.693,3666.129,85.26889999999997
13.10.2022 23:00:00.000 GMT+0200,3667.812,3721.206,3580.180,3588.970,90.6579
14.10.2022 23:00:00.000 GMT+0200,3588.970,3588.970,3588.970,3588.970,0
15.10.2022 23:00:00.000 GMT+0200,3588.970,3588.970,3588.970,3588.970,0
16.10.2022 23:00:00.000 GMT+0200,3584.015,3690.336,3583.265,3683.708,60.664300000000004
17.10.2022 23:00:00.000 GMT+0200,3700.218,3765.035,3692.000,3734.306,66.0734
18.10.2022 23:00:00.000 GMT+0200,3747.568,3762.016,3665.940,3696.882,74.7763
19.10.2022 23:00:00.000 GMT+0200,3695.898,3736.600,3656.050,3671.441,80.12439999999998
20.10.2022 23:00:00.000 GMT+0200,3666.706,3757.939,3631.700,3754.019,87.92430000000002
21.10.2022 23:00:00.000 GMT+0200,3754.019,3754.019,3754.019,3754.019,0
22.10.2022 23:00:00.000 GMT+0200,3754.019,3754.019,3754.019,3754.019,0
23.10.2022 23:00:00.000 GMT+0200,3771.433,3810.881,3725.751,3796.558,90.0006
24.10.2022 23:00:00.000 GMT+0200,3793.476,3862.948,3779.540,3839.153,52.376799999999996
25.10.2022 23:00:00.000 GMT+0200,3829.066,3886.176,3813.290,3836.759,64.44279999999999
26.10.2022 23:00:00.000 GMT+0200,3834.062,3860.222,3766.393,3773.616,69.23299999999999
27.10.2022 23:00:00.000 GMT+0200,3787.806,3905.446,3766.752,3905.392,60.333999999999996
28.10.2022 23:00:00.000 GMT+0200,3905.392,3905.392,3905.392,3905.392,0
29.10.2022 23:00:00.000 GMT+0200,3905.392,3905.392,3905.392,3905.392,0
30.10.2022 22:00:00.000 GMT+0100,3904.340,3904.472,3861.722,3872.026,48.712300000000006
31.10.2022 22:00:00.000 GMT+0100,3874.106,3917.242,3842.580,3847.189,52.33299999999999
01.11.2022 22:00:00.000 GMT+0100,3852.999,3895.942,3751.566,3755.548,60.05610000000001
02.11.2022 22:00:00.000 GMT+0100,3758.666,3773.132,3696.260,3723.063,62.412
03.11.2022 22:00:00.000 GMT+0100,3714.245,3797.128,3707.501,3766.331,70.75170000000001
04.11.2022 22:00:00.000 GMT+0100,3766.331,3766.331,3766.331,3766.331,0
05.11.2022 22:00:00.000 GMT+0100,3766.331,3766.331,3766.331,3766.331,0
06.11.2022 23:00:00.000 GMT+0100,3737.489,3813.598,3730.113,3806.578,51.723
07.11.2022 23:00:00.000 GMT+0100,3805.219,3859.432,3785.750,3820.085,39.71360000000001
08.11.2022 23:00:00.000 GMT+0100,3824.233,3840.571,3743.699,3751.040,64.52629999999999
09.11.2022 23:00:00.000 GMT+0100,3751.091,3959.196,3747.361,3952.919,68.4569
10.11.2022 23:00:00.000 GMT+0100,3965.413,4001.505,3944.103,3992.796,59.11110000000001
11.11.2022 23:00:00.000 GMT+0100,3992.796,3992.796,3992.796,3992.796,0
12.11.2022 23:00:00.000 GMT+0100,3992.796,3992.796,3992.796,3992.796,0
13.11.2022 23:00:00.000 GMT+0100,3975.630,4008.845,3955.861,3967.249,47.4999
14.11.2022 23:00:00.000 GMT+0100,3966.195,4042.315,3952.280,3989.046,69.85640000000001
15.11.2022 23:00:00.000 GMT+0100,3984.122,4007.111,3953.786,3970.110,59.329599999999985
16.11.2022 23:00:00.000 GMT+0100,3968.005,3981.295,3903.750,3944.956,51.5889
17.11.2022 23:00:00.000 GMT+0100,3952.411,3986.096,3935.088,3962.261,50.772200000000005
18.11.2022 23:00:00.000 GMT+0100,3962.261,3962.261,3962.261,3962.261,0
19.11.2022 23:00:00.000 GMT+0100,3962.261,3962.261,3962.261,3962.261,0
20.11.2022 23:00:00.000 GMT+0100,3969.711,3970.069,3932.140,3952.135,42.5393
21.11.2022 23:00:00.000 GMT+0100,3950.166,4005.118,3937.642,4002.313,35.824600000000004
22.11.2022 23:00:00.000 GMT+0100,4003.468,4033.706,3995.422,4030.009,34.57939999999999
23.11.2022 23:00:00.000 GMT+0100,4033.331,4043.626,4031.810,4038.578,12.109199999999998
24.11.2022 23:00:00.000 GMT+0100,4038.195,4040.322,4019.319,4027.575,18.153
25.11.2022 23:00:00.000 GMT+0100,4027.575,4027.575,4027.575,4027.575,0
26.11.2022 23:00:00.000 GMT+0100,4027.575,4027.575,4027.575,4027.575,0
27.11.2022 23:00:00.000 GMT+0100,4014.936,4018.328,3955.543,3967.383,31.7718
28.11.2022 23:00:00.000 GMT+0100,3966.873,3985.081,3936.989,3953.296,37.185700000000004
29.11.2022 23:00:00.000 GMT+0100,3956.432,4082.506,3937.663,4082.208,48.63569999999999
30.11.2022 23:00:00.000 GMT+0100,4087.868,4099.675,4049.943,4074.831,47.1041
01.12.2022 23:00:00.000 GMT+0100,4072.973,4080.806,4002.310,4066.145,44.48020000000001
02.12.2022 23:00:00.000 GMT+0100,4066.145,4066.145,4066.145,4066.145,0
03.12.2022 23:00:00.000 GMT+0100,4066.145,4066.145,4066.145,4066.145,0
04.12.2022 23:00:00.000 GMT+0100,4071.650,4072.038,3983.929,3997.976,37.217699999999994
05.12.2022 23:00:00.000 GMT+0100,4001.976,4010.731,3918.250,3939.940,38.911699999999996
06.12.2022 23:00:00.000 GMT+0100,3940.862,3957.766,3911.035,3930.683,45.071600000000004
07.12.2022 23:00:00.000 GMT+0100,3931.580,3974.441,3912.529,3962.779,37.30879999999999
08.12.2022 23:00:00.000 GMT+0100,3961.813,3987.566,3927.986,3934.852,35.208999999999996
09.12.2022 23:00:00.000 GMT+0100,3934.852,3934.852,3934.852,3934.852,0
10.12.2022 23:00:00.000 GMT+0100,3934.852,3934.852,3934.852,3934.852,0
11.12.2022 23:00:00.000 GMT+0100,3931.881,3990.349,3923.283,3984.615,32.488200000000006
12.12.2022 23:00:00.000 GMT+0100,3986.171,4136.192,3982.230,4020.353,75.59710000000001
13.12.2022 23:00:00.000 GMT+0100,4018.738,4053.928,3963.205,4003.091,67.8599
14.12.2022 23:00:00.000 GMT+0100,4002.435,4007.646,3878.529,3891.786,60.40349999999999
15.12.2022 23:00:00.000 GMT+0100,3892.026,3903.746,3827.086,3844.465,60.57519999999999
16.12.2022 23:00:00.000 GMT+0100,3844.465,3844.465,3844.465,3844.465,0
17.12.2022 23:00:00.000 GMT+0100,3844.465,3844.465,3844.465,3844.465,0
18.12.2022 23:00:00.000 GMT+0100,3846.635,3871.376,3798.886,3812.312,41.24130000000001
19.12.2022 23:00:00.000 GMT+0100,3815.015,3838.366,3775.929,3820.100,65.31279999999998
20.12.2022 23:00:00.000 GMT+0100,3828.705,3889.921,3828.076,3883.028,40.61469999999999
21.12.2022 23:00:00.000 GMT+0100,3885.972,3891.246,3763.638,3818.736,46.40950000000001
22.12.2022 23:00:00.000 GMT+0100,3822.983,3846.755,3795.490,3843.208,62.208
23.12.2022 23:00:00.000 GMT+0100,3843.208,3843.208,3843.208,3843.208,0
24.12.2022 23:00:00.000 GMT+0100,3843.208,3843.208,3843.208,3843.208,0
25.12.2022 23:00:00.000 GMT+0100,3843.208,3843.208,3843.208,3843.208,0
26.12.2022 23:00:00.000 GMT+0100,3851.676,3874.806,3811.743,3831.811,39.8236
27.12.2022 23:00:00.000 GMT+0100,3831.072,3849.746,3779.926,3785.503,47.213
28.12.2022 23:00:00.000 GMT+0100,3785.848,3858.305,3781.308,3848.386,36.14619999999999
29.12.2022 23:00:00.000 GMT+0100,3845.959,3846.886,3797.826,3845.126,41.89330000000001
30.12.2022 23:00:00.000 GMT+0100,3845.126,3845.126,3845.126,3845.126,0
31.12.2022 23:00:00.000 GMT+0100,3845.126,3845.126,3845.126,3845.126,0
01.01.2023 23:00:00.000 GMT+0100,3845.126,3845.126,3845.126,3845.126,0
02.01.2023 23:00:00.000 GMT+0100,3872.998,3883.863,3792.915,3817.781,68.37889999999999
03.01.2023 23:00:00.000 GMT+0100,3820.439,3873.492,3814.321,3850.283,64.8292
04.01.2023 23:00:00.000 GMT+0100,3847.833,3862.799,3801.950,3808.756,62.91089999999999
05.01.2023 23:00:00.000 GMT+0100,3811.962,3906.079,3798.230,3891.369,60.6158
06.01.2023 23:00:00.000 GMT+0100,3891.369,3891.369,3891.369,3891.369,0
07.01.2023 23:00:00.000 GMT+0100,3891.369,3891.369,3891.369,3891.369,0
08.01.2023 23:00:00.000 GMT+0100,3897.389,3950.589,3888.103,3890.089,48.4004
09.01.2023 23:00:00.000 GMT+0100,3892.771,3921.749,3869.943,3918.788,53.6223
10.01.2023 23:00:00.000 GMT+0100,3919.306,3969.186,3913.040,3968.106,34.0984
11.01.2023 23:00:00.000 GMT+0100,3969.478,4000.002,3933.151,3984.136,63.1797
12.01.2023 23:00:00.000 GMT+0100,3982.902,4003.929,3942.073,3995.672,42.6964
13.01.2023 23:00:00.000 GMT+0100,3995.672,3995.672,3995.672,3995.672,0
14.01.2023 23:00:00.000 GMT+0100,3995.672,3995.672,3995.672,3995.672,0
15.01.2023 23:00:00.000 GMT+0100,4001.390,4008.770,3977.378,3989.619,14.775899999999998
16.01.2023 23:00:00.000 GMT+0100,3991.369,4015.619,3981.110,3989.812,36.722
17.01.2023 23:00:00.000 GMT+0100,3988.010,4014.688,3926.230,3927.681,45.743900000000004
18.01.2023 23:00:00.000 GMT+0100,3925.782,3930.528,3885.033,3900.548,45.60249999999999
19.01.2023 23:00:00.000 GMT+0100,3905.595,3972.858,3894.696,3968.869,35.4666
20.01.2023 23:00:00.000 GMT+0100,3968.869,3968.869,3968.869,3968.869,0
21.01.2023 23:00:00.000 GMT+0100,3968.869,3968.869,3968.869,3968.869,0
22.01.2023 23:00:00.000 GMT+0100,3970.752,4039.628,3963.119,4016.813,34.550200000000004
23.01.2023 23:00:00.000 GMT+0100,4019.986,4030.511,3988.631,4022.945,36.7433
24.01.2023 23:00:00.000 GMT+0100,4022.619,4023.621,3948.239,4012.702,40.7627
25.01.2023 23:00:00.000 GMT+0100,4014.110,4061.622,4012.003,4055.625,44.0014
26.01.2023 23:00:00.000 GMT+0100,4049.918,4094.053,4042.191,4069.548,35.09
27.01.2023 23:00:00.000 GMT+0100,4069.548,4069.548,4069.548,4069.548,0
28.01.2023 23:00:00.000 GMT+0100,4069.548,4069.548,4069.548,4069.548,0
29.01.2023 23:00:00.000 GMT+0100,4062.548,4071.871,4015.236,4023.831,41.2389
30.01.2023 23:00:00.000 GMT+0100,4024.766,4076.866,3993.532,4069.856,37.887
31.01.2023 23:00:00.000 GMT+0100,4071.596,4149.095,4035.926,4127.800,47.727900000000005
01.02.2023 23:00:00.000 GMT+0100,4131.586,4195.332,4122.990,4155.675,52.142599999999995
02.02.2023 23:00:00.000 GMT+0100,4162.749,4182.346,4120.486,4133.215,59.0692
03.02.2023 23:00:00.000 GMT+0100,4133.215,4133.215,4133.215,4133.215,0
04.02.2023 23:00:00.000 GMT+0100,4133.215,4133.215,4133.215,4133.215,0
05.02.2023 23:00:00.000 GMT+0100,4122.525,4130.775,4092.272,4110.418,37.990300000000005
06.02.2023 23:00:00.000 GMT+0100,4111.736,4176.581,4087.230,4155.382,55.586099999999995
07.02.2023 23:00:00.000 GMT+0100,4155.719,4168.053,4111.021,4116.098,42.607200000000006
08.02.2023 23:00:00.000 GMT+0100,4120.692,4159.222,4069.130,4081.946,45.502399999999994
09.02.2023 23:00:00.000 GMT+0100,4086.823,4094.019,4050.636,4088.460,46.5988
10.02.2023 23:00:00.000 GMT+0100,4088.460,4088.460,4088.460,4088.460,0
11.02.2023 23:00:00.000 GMT+0100,4088.460,4088.460,4088.460,4088.460,0
12.02.2023 23:00:00.000 GMT+0100,4095.380,4140.175,4068.760,4139.976,30.705900000000003
13.02.2023 23:00:00.000 GMT+0100,4138.775,4175.733,4094.113,4133.168,55.817699999999995
14.02.2023 23:00:00.000 GMT+0100,4130.589,4150.499,4102.856,4148.755,38.985800000000005
15.02.2023 23:00:00.000 GMT+0100,4147.719,4157.425,4087.122,4088.748,41.25320000000001
16.02.2023 23:00:00.000 GMT+0100,4085.942,4086.316,4047.233,4077.188,41.665200000000006
17.02.2023 23:00:00.000 GMT+0100,4077.188,4077.188,4077.188,4077.188,0
18.02.2023 23:00:00.000 GMT+0100,4077.188,4077.188,4077.188,4077.188,0
19.02.2023 23:00:00.000 GMT+0100,4073.845,4080.526,4064.464,4066.976,12.223300000000002
20.02.2023 23:00:00.000 GMT+0100,4067.277,4068.729,3994.617,4000.723,40.728699999999996
21.02.2023 23:00:00.000 GMT+0100,3999.514,4017.407,3976.447,3991.624,48.461800000000004
22.02.2023 23:00:00.000 GMT+0100,4001.259,4027.737,3968.713,4009.327,39.72260000000001
23.02.2023 23:00:00.000 GMT+0100,4009.346,4016.734,3942.347,3968.927,41.4001
24.02.2023 23:00:00.000 GMT+0100,3968.927,3968.927,3968.927,3968.927,0
25.02.2023 23:00:00.000 GMT+0100,3968.927,3968.927,3968.927,3968.927,0
26.02.2023 23:00:00.000 GMT+0100,3970.597,4018.727,3967.417,3984.367,33.1916
27.02.2023 23:00:00.000 GMT+0100,3985.744,3997.847,3959.477,3961.479,33.031
28.02.2023 23:00:00.000 GMT+0100,3962.583,3985.340,3938.407,3952.497,38.181
01.03.2023 23:00:00.000 GMT+0100,3953.641,3990.967,3919.911,3980.877,40.321099999999994
02.03.2023 23:00:00.000 GMT+0100,3978.562,4048.362,3969.631,4046.611,29.083700000000004
03.03.2023 23:00:00.000 GMT+0100,4046.611,4046.611,4046.611,4046.611,0
04.03.2023 23:00:00.000 GMT+0100,4046.611,4046.611,4046.611,4046.611,0
05.03.2023 23:00:00.000 GMT+0100,4044.664,4078.322,4037.414,4049.587,29.212600000000002
06.03.2023 23:00:00.000 GMT+0100,4049.772,4060.802,3979.861,3985.477,40.2465
07.03.2023 23:00:00.000 GMT+0100,3987.031,4000.609,3969.057,3992.733,41.545899999999996
08.03.2023 23:00:00.000 GMT+0100,3993.812,4017.150,3907.646,3912.717,42.8299
09.03.2023 23:00:00.000 GMT+0100,3916.997,3939.804,3845.704,3860.027,90.9144
10.03.2023 23:00:00.000 GMT+0100,3860.027,3860.027,3860.027,3860.027,0
11.03.2023 23:00:00.000 GMT+0100,3860.027,3860.027,3860.027,3860.027,0
12.03.2023 22:00:00.000 GMT+0100,3887.401,3938.360,3809.327,3862.697,151.1276
13.03.2023 22:00:00.000 GMT+0100,3864.092,3937.524,3855.044,3913.270,93.8146
14.03.2023 22:00:00.000 GMT+0100,3919.476,3929.697,3830.870,3888.311,110.00339999999998
15.03.2023 22:00:00.000 GMT+0100,3891.047,3964.257,3862.091,3960.607,84.56030000000001
16.03.2023 22:00:00.000 GMT+0100,3961.159,3975.632,3900.834,3917.873,73.4329
17.03.2023 22:00:00.000 GMT+0100,3917.873,3917.873,3917.873,3917.873,0
18.03.2023 22:00:00.000 GMT+0100,3917.873,3917.873,3917.873,3917.873,0
19.03.2023 22:00:00.000 GMT+0100,3939.163,3956.442,3865.617,3951.519,90.44550000000001
20.03.2023 22:00:00.000 GMT+0100,3953.831,4009.739,3949.267,4003.927,42.4446
21.03.2023 22:00:00.000 GMT+0100,4004.390,4040.137,3933.922,3940.521,56.70139999999999
22.03.2023 22:00:00.000 GMT+0100,3939.770,4006.027,3917.287,3944.574,60.6465
23.03.2023 22:00:00.000 GMT+0100,3958.511,3974.559,3905.487,3973.936,72.26180000000001
24.03.2023 22:00:00.000 GMT+0100,3973.936,3973.936,3973.936,3973.936,0
25.03.2023 22:00:00.000 GMT+0100,3973.936,3973.936,3973.936,3973.936,0
26.03.2023 23:00:00.000 GMT+0200,3979.031,4003.864,3967.791,3981.114,44.275400000000005
27.03.2023 23:00:00.000 GMT+0200,3982.119,3992.519,3951.201,3973.874,33.1751
28.03.2023 23:00:00.000 GMT+0200,3976.180,4030.672,3975.557,4027.597,24.6457
29.03.2023 23:00:00.000 GMT+0200,4027.107,4057.627,4021.304,4051.824,27.52590000000001
30.03.2023 23:00:00.000 GMT+0200,4050.702,4110.657,4048.236,4109.017,24.596099999999996
31.03.2023 23:00:00.000 GMT+0200,4109.017,4109.017,4109.017,4109.017,0
01.04.2023 23:00:00.000 GMT+0200,4109.017,4109.017,4109.017,4109.017,0
02.04.2023 23:00:00.000 GMT+0200,4100.381,4128.147,4092.264,4124.503,25.7886
03.04.2023 23:00:00.000 GMT+0200,4122.227,4141.124,4086.361,4101.754,28.577299999999994
04.04.2023 23:00:00.000 GMT+0200,4104.052,4106.210,4071.544,4090.157,25.817
05.04.2023 23:00:00.000 GMT+0200,4085.439,4107.056,4069.169,4103.564,21.173900000000003
06.04.2023 23:00:00.000 GMT+0200,4100.930,4118.547,4093.481,4113.797,3.8619000000000003
07.04.2023 23:00:00.000 GMT+0200,4113.797,4113.797,4113.797,4113.797,0
08.04.2023 23:00:00.000 GMT+0200,4113.797,4113.797,4113.797,4113.797,0
09.04.2023 23:00:00.000 GMT+0200,4110.361,4114.876,4070.861,4112.223,15.9913
10.04.2023 23:00:00.000 GMT+0200,4110.602,4124.003,4101.822,4111.447,17.113100000000003
11.04.2023 23:00:00.000 GMT+0200,4109.871,4150.414,4086.930,4091.747,29.8547
12.04.2023 23:00:00.000 GMT+0200,4090.117,4150.066,4083.087,4145.534,20.951999999999998
13.04.2023 23:00:00.000 GMT+0200,4141.927,4162.487,4112.430,4140.323,27.337300000000003
14.04.2023 23:00:00.000 GMT+0200,4140.323,4140.323,4140.323,4140.323,0
15.04.2023 23:00:00.000 GMT+0200,4140.323,4140.323,4140.323,4140.323,0
16.04.2023 23:00:00.000 GMT+0200,4148.427,4154.489,4122.811,4152.317,20.649099999999997
17.04.2023 23:00:00.000 GMT+0200,4150.993,4172.953,4139.617,4152.887,18.1234
18.04.2023 23:00:00.000 GMT+0200,4152.323,4162.824,4126.407,4148.917,17.401400000000002
19.04.2023 23:00:00.000 GMT+0200,4147.739,4148.716,4114.257,4130.892,20.747300000000003
20.04.2023 23:00:00.000 GMT+0200,4130.799,4138.189,4113.146,4132.170,23.716699999999996
21.04.2023 23:00:00.000 GMT+0200,4132.170,4132.170,4132.170,4132.170,0
22.04.2023 23:00:00.000 GMT+0200,4132.170,4132.170,4132.170,4132.170,0
23.04.2023 23:00:00.000 GMT+0200,4128.331,4141.732,4110.970,4136.607,17.689400000000003
24.04.2023 23:00:00.000 GMT+0200,4134.807,4136.133,4070.677,4087.562,23.542700000000004
25.04.2023 23:00:00.000 GMT+0200,4089.389,4094.726,4048.879,4060.787,26.578999999999997
26.04.2023 23:00:00.000 GMT+0200,4065.092,4146.657,4060.960,4136.463,15.988399999999997
27.04.2023 23:00:00.000 GMT+0200,4130.047,4174.210,4112.741,4172.201,17.2387
28.04.2023 23:00:00.000 GMT+0200,4172.201,4172.201,4172.201,4172.201,0
29.04.2023 23:00:00.000 GMT+0200,4172.201,4172.201,4172.201,4172.201,0
30.04.2023 23:00:00.000 GMT+0200,4170.377,4187.116,4161.754,4166.886,14.416
01.05.2023 23:00:00.000 GMT+0200,4160.966,4173.132,4088.797,4119.203,19.211699999999997
02.05.2023 23:00:00.000 GMT+0200,4116.572,4148.849,4088.347,4098.167,28.6051
03.05.2023 23:00:00.000 GMT+0200,4070.154,4101.032,4047.982,4057.547,35.806200000000004
04.05.2023 23:00:00.000 GMT+0200,4062.006,4147.077,4061.370,4134.570,22.037100000000002
05.05.2023 23:00:00.000 GMT+0200,4134.570,4134.570,4134.570,4134.570,0
06.05.2023 23:00:00.000 GMT+0200,4134.570,4134.570,4134.570,4134.570,0
07.05.2023 23:00:00.000 GMT+0200,4134.249,4145.132,4122.783,4137.947,16.540799999999997
08.05.2023 23:00:00.000 GMT+0200,4134.776,4137.736,4116.314,4121.840,15.9987
09.05.2023 23:00:00.000 GMT+0200,4118.983,4158.017,4098.434,4139.950,27.374399999999994
10.05.2023 23:00:00.000 GMT+0200,4137.322,4153.113,4107.501,4129.804,25.342999999999996
11.05.2023 23:00:00.000 GMT+0200,4129.722,4150.397,4098.610,4120.131,24.0523
12.05.2023 23:00:00.000 GMT+0200,4120.131,4120.131,4120.131,4120.131,0
13.05.2023 23:00:00.000 GMT+0200,4120.131,4120.131,4120.131,4120.131,0
14.05.2023 23:00:00.000 GMT+0200,4119.582,4142.832,4109.570,4136.979,18.321099999999998
15.05.2023 23:00:00.000 GMT+0200,4134.220,4137.671,4107.050,4114.581,21.8132
16.05.2023 23:00:00.000 GMT+0200,4112.367,4164.781,4108.554,4156.706,19.2295
17.05.2023 23:00:00.000 GMT+0200,4156.077,4202.077,4146.862,4198.201,22.7633
18.05.2023 23:00:00.000 GMT+0200,4202.187,4214.022,4179.420,4187.817,27.9042
19.05.2023 23:00:00.000 GMT+0200,4187.817,4187.817,4187.817,4187.817,0
20.05.2023 23:00:00.000 GMT+0200,4187.817,4187.817,4187.817,4187.817,0
21.05.2023 23:00:00.000 GMT+0200,4176.611,4208.677,4176.611,4193.907,21.1897
22.05.2023 23:00:00.000 GMT+0200,4194.504,4209.919,4141.763,4146.999,24.474099999999996
23.05.2023 23:00:00.000 GMT+0200,4146.654,4154.027,4103.394,4118.793,27.8241
24.05.2023 23:00:00.000 GMT+0200,4143.383,4166.126,4121.110,4150.209,34.49570000000001
25.05.2023 23:00:00.000 GMT+0200,4148.520,4212.694,4137.141,4210.661,25.998800000000003
26.05.2023 23:00:00.000 GMT+0200,4210.661,4210.661,4210.661,4210.661,0
27.05.2023 23:00:00.000 GMT+0200,4210.661,4210.661,4210.661,4210.661,0
28.05.2023 23:00:00.000 GMT+0200,4228.096,4229.527,4211.711,4216.723,7.820500000000002
29.05.2023 23:00:00.000 GMT+0200,4215.843,4234.226,4191.893,4207.599,27.269500000000004
30.05.2023 23:00:00.000 GMT+0200,4202.517,4208.609,4165.741,4179.937,30.1866
31.05.2023 23:00:00.000 GMT+0200,4178.907,4232.217,4170.487,4224.031,27.38
01.06.2023 23:00:00.000 GMT+0200,4224.143,4290.549,4221.243,4281.539,16.3687
02.06.2023 23:00:00.000 GMT+0200,4281.539,4281.539,4281.539,4281.539,0
03.06.2023 23:00:00.000 GMT+0200,4281.539,4281.539,4281.539,4281.539,0
04.06.2023 23:00:00.000 GMT+0200,4283.907,4298.986,4266.401,4274.720,13.276099999999998
05.06.2023 23:00:00.000 GMT+0200,4271.859,4288.120,4262.326,4285.629,9.2724
06.06.2023 23:00:00.000 GMT+0200,4285.361,4299.033,4263.571,4268.051,9.8872
07.06.2023 23:00:00.000 GMT+0200,4266.940,4298.177,4256.737,4291.441,8.7195
08.06.2023 23:00:00.000 GMT+0200,4293.076,4322.261,4280.024,4303.267,6.4735000000000005
09.06.2023 23:00:00.000 GMT+0200,4303.267,4303.267,4303.267,4303.267,0
10.06.2023 23:00:00.000 GMT+0200,4303.267,4303.267,4303.267,4303.267,0
11.06.2023 23:00:00.000 GMT+0200,4301.582,4340.790,4301.067,4339.004,8.510899999999998
12.06.2023 23:00:00.000 GMT+0200,4341.387,4375.421,4334.557,4368.187,19.798000000000002
13.06.2023 23:00:00.000 GMT+0200,4368.140,4391.497,4336.391,4374.941,22.805000000000003
14.06.2023 23:00:00.000 GMT+0200,4375.474,4439.376,4346.177,4420.414,20.515700000000002
15.06.2023 23:00:00.000 GMT+0200,4422.247,4446.999,4406.370,4414.311,23.905100000000004
16.06.2023 23:00:00.000 GMT+0200,4414.311,4414.311,4414.311,4414.311,0
17.06.2023 23:00:00.000 GMT+0200,4414.311,4414.311,4414.311,4414.311,0
18.06.2023 23:00:00.000 GMT+0200,4413.876,4417.126,4398.481,4401.626,8.4127
19.06.2023 23:00:00.000 GMT+0200,4404.114,4406.177,4367.197,4385.219,20.4262
20.06.2023 23:00:00.000 GMT+0200,4385.393,4393.557,4359.676,4366.472,20.5782
21.06.2023 23:00:00.000 GMT+0200,4365.456,4383.017,4349.201,4379.339,21.593199999999996
22.06.2023 23:00:00.000 GMT+0200,4382.982,4383.862,4340.714,4346.376,21.007
23.06.2023 23:00:00.000 GMT+0200,4346.376,4346.376,4346.376,4346.376,0
24.06.2023 23:00:00.000 GMT+0200,4346.376,4346.376,4346.376,4346.376,0
25.06.2023 23:00:00.000 GMT+0200,4349.111,4362.129,4328.064,4333.603,23.1423
26.06.2023 23:00:00.000 GMT+0200,4334.243,4384.046,4331.084,4374.991,19.115399999999998
27.06.2023 23:00:00.000 GMT+0200,4373.677,4390.236,4359.617,4383.453,20.130200000000002
28.06.2023 23:00:00.000 GMT+0200,4383.029,4398.440,4369.546,4397.291,19.7852
29.06.2023 23:00:00.000 GMT+0200,4396.123,4458.663,4394.171,4444.076,15.0287
30.06.2023 23:00:00.000 GMT+0200,4444.076,4444.076,4444.076,4444.076,0
01.07.2023 23:00:00.000 GMT+0200,4444.076,4444.076,4444.076,4444.076,0
02.07.2023 23:00:00.000 GMT+0200,4447.367,4456.731,4441.930,4453.873,8.792800000000002
03.07.2023 23:00:00.000 GMT+0200,4453.873,4453.873,4453.873,4453.873,0
04.07.2023 23:00:00.000 GMT+0200,4452.490,4455.376,4429.114,4446.589,11.9126
05.07.2023 23:00:00.000 GMT+0200,4444.297,4445.657,4384.686,4413.217,16.5522
06.07.2023 23:00:00.000 GMT+0200,4406.752,4440.183,4395.967,4403.311,18.379
07.07.2023 23:00:00.000 GMT+0200,4403.311,4403.311,4403.311,4403.311,0
08.07.2023 23:00:00.000 GMT+0200,4403.311,4403.311,4403.311,4403.311,0
09.07.2023 23:00:00.000 GMT+0200,4402.246,4412.877,4377.367,4411.349,17.837699999999998
10.07.2023 23:00:00.000 GMT+0200,4410.307,4443.536,4404.337,4436.537,15.2831
11.07.2023 23:00:00.000 GMT+0200,4436.157,4488.456,4435.414,4475.512,17.3645
12.07.2023 23:00:00.000 GMT+0200,4474.523,4517.373,4473.900,4506.462,12.6443
13.07.2023 23:00:00.000 GMT+0200,4505.176,4527.562,4498.649,4503.557,16.9003
14.07.2023 23:00:00.000 GMT+0200,4503.557,4503.557,4503.557,4503.557,0
15.07.2023 23:00:00.000 GMT+0200,4503.557,4503.557,4503.557,4503.557,0
16.07.2023 23:00:00.000 GMT+0200,4503.797,4533.037,4496.771,4517.046,12.8646
17.07.2023 23:00:00.000 GMT+0200,4518.197,4562.306,4513.293,4551.959,13.661999999999999
18.07.2023 23:00:00.000 GMT+0200,4550.616,4578.372,4550.237,4562.932,16.736900000000002
19.07.2023 23:00:00.000 GMT+0200,4561.106,4563.411,4527.304,4535.922,55.0722
20.07.2023 23:00:00.000 GMT+0200,4536.741,4560.209,4532.164,4534.882,90.3216
21.07.2023 23:00:00.000 GMT+0200,4534.882,4534.882,4534.882,4534.882,0
22.07.2023 23:00:00.000 GMT+0200,4534.882,4534.882,4534.882,4534.882,0
23.07.2023 23:00:00.000 GMT+0200,4535.784,4563.507,4531.161,4555.044,78.22550000000001
24.07.2023 23:00:00.000 GMT+0200,4556.060,4580.547,4550.530,4573.577,56.760999999999996
25.07.2023 23:00:00.000 GMT+0200,4575.401,4582.894,4546.819,4570.996,108.82360000000001
26.07.2023 23:00:00.000 GMT+0200,4566.566,4606.941,4528.163,4541.674,112.9646
27.07.2023 23:00:00.000 GMT+0200,4542.201,4590.092,4532.132,4580.573,97.19969999999999
28.07.2023 23:00:00.000 GMT+0200,4580.573,4580.573,4580.573,4580.573,0
29.07.2023 23:00:00.000 GMT+0200,4580.573,4580.573,4580.573,4580.573,0
30.07.2023 23:00:00.000 GMT+0200,4583.379,4593.879,4569.917,4591.569,74.7976
31.07.2023 23:00:00.000 GMT+0200,4591.933,4596.654,4567.143,4574.529,76.9843
01.08.2023 23:00:00.000 GMT+0200,4555.963,4569.487,4504.994,4515.713,110.4414
02.08.2023 23:00:00.000 GMT+0200,4511.491,4524.657,4485.194,4514.964,128.4463
03.08.2023 23:00:00.000 GMT+0200,4502.080,4540.317,4474.272,4482.082,140.55859999999998
04.08.2023 23:00:00.000 GMT+0200,4482.082,4482.082,4482.082,4482.082,0
05.08.2023 23:00:00.000 GMT+0200,4482.082,4482.082,4482.082,4482.082,0
06.08.2023 23:00:00.000 GMT+0200,4481.734,4520.263,4480.867,4520.032,97.2607
07.08.2023 23:00:00.000 GMT+0200,4519.701,4521.089,4463.980,4498.333,112.9864
08.08.2023 23:00:00.000 GMT+0200,4497.557,4517.041,4460.489,4474.392,105.8065
09.08.2023 23:00:00.000 GMT+0200,4474.666,4526.367,4457.287,4468.970,194.45819999999998
10.08.2023 23:00:00.000 GMT+0200,4469.576,4479.221,4442.617,4469.182,144.72140000000005
11.08.2023 23:00:00.000 GMT+0200,4469.182,4469.182,4469.182,4469.182,0
12.08.2023 23:00:00.000 GMT+0200,4469.182,4469.182,4469.182,4469.182,0
13.08.2023 23:00:00.000 GMT+0200,4466.527,4491.487,4448.664,4490.184,124.0193
14.08.2023 23:00:00.000 GMT+0200,4489.474,4500.977,4432.217,4438.203,138.97759999999997
15.08.2023 23:00:00.000 GMT+0200,4436.357,4451.237,4401.449,4405.926,141.9042
16.08.2023 23:00:00.000 GMT+0200,4403.809,4420.622,4364.321,4369.107,123.0067
17.08.2023 23:00:00.000 GMT+0200,4365.389,4382.093,4336.273,4370.523,155.86190000000002
18.08.2023 23:00:00.000 GMT+0200,4370.523,4370.523,4370.523,4370.523,0
19.08.2023 23:00:00.000 GMT+0200,4370.523,4370.523,4370.523,4370.523,0
20.08.2023 23:00:00.000 GMT+0200,4368.311,4407.744,4359.807,4395.573,116.9473
21.08.2023 23:00:00.000 GMT+0200,4396.989,4427.252,4382.601,4386.986,120.11640000000001
22.08.2023 23:00:00.000 GMT+0200,4387.991,4443.210,4387.621,4436.727,102.39550000000001
23.08.2023 23:00:00.000 GMT+0200,4459.430,4473.647,4370.402,4373.152,150.2053
24.08.2023 23:00:00.000 GMT+0200,4373.226,4418.754,4355.737,4406.382,198.59029999999998
25.08.2023 23:00:00.000 GMT+0200,4406.382,4406.382,4406.382,4406.382,0
26.08.2023 23:00:00.000 GMT+0200,4406.382,4406.382,4406.382,4406.382,0
27.08.2023 23:00:00.000 GMT+0200,4409.176,4440.271,4405.679,4433.963,114.45049999999999
28.08.2023 23:00:00.000 GMT+0200,4435.072,4500.307,4424.461,4498.934,105.73870000000001
29.08.2023 23:00:00.000 GMT+0200,4499.097,4521.947,4487.351,4516.986,108.8051
30.08.2023 23:00:00.000 GMT+0200,4516.683,4532.473,4505.552,4510.632,97.50619999999999
31.08.2023 23:00:00.000 GMT+0200,4508.613,4540.447,4501.023,4514.927,122.40120000000002
01.09.2023 23:00:00.000 GMT+0200,4514.927,4514.927,4514.927,4514.927,0
02.09.2023 23:00:00.000 GMT+0200,4514.927,4514.927,4514.927,4514.927,0
03.09.2023 23:00:00.000 GMT+0200,4515.664,4525.882,4510.114,4514.620,23.385700000000003
04.09.2023 23:00:00.000 GMT+0200,4514.999,4516.126,4493.880,4495.687,94.3215
05.09.2023 23:00:00.000 GMT+0200,4493.396,4497.619,4441.451,4463.872,107.9866
06.09.2023 23:00:00.000 GMT+0200,4463.484,4465.464,4429.280,4452.401,106.06869999999999
07.09.2023 23:00:00.000 GMT+0200,4453.696,4473.497,4439.064,4461.377,96.4765
08.09.2023 23:00:00.000 GMT+0200,4461.377,4461.377,4461.377,4461.377,0
09.09.2023 23:00:00.000 GMT+0200,4461.377,4461.377,4461.377,4461.377,0
10.09.2023 23:00:00.000 GMT+0200,4459.677,4490.927,4456.864,4486.810,97.2438
11.09.2023 23:00:00.000 GMT+0200,4483.546,4487.420,4456.334,4463.973,99.2307
12.09.2023 23:00:00.000 GMT+0200,4462.247,4479.457,4444.610,4469.357,129.90130000000002
13.09.2023 23:00:00.000 GMT+0200,4469.933,4511.472,4467.464,4509.306,110.6461
14.09.2023 23:00:00.000 GMT+0200,4506.871,4516.381,4446.494,4453.890,117.5973
15.09.2023 23:00:00.000 GMT+0200,4453.890,4453.890,4453.890,4453.890,0
16.09.2023 23:00:00.000 GMT+0200,4453.890,4453.890,4453.890,4453.890,0
17.09.2023 23:00:00.000 GMT+0200,4452.653,4466.032,4439.927,4454.989,90.27820000000001
18.09.2023 23:00:00.000 GMT+0200,4455.092,4461.947,4416.141,4445.406,87.36540000000001
19.09.2023 23:00:00.000 GMT+0200,4443.863,4461.189,4398.314,4399.066,128.2025
20.09.2023 23:00:00.000 GMT+0200,4399.532,4401.547,4326.661,4327.413,125.16130000000001
21.09.2023 23:00:00.000 GMT+0200,4327.673,4357.313,4315.977,4323.632,110.66829999999999
22.09.2023 23:00:00.000 GMT+0200,4323.632,4323.632,4323.632,4323.632,0
23.09.2023 23:00:00.000 GMT+0200,4323.632,4323.632,4323.632,4323.632,0
24.09.2023 23:00:00.000 GMT+0200,4323.667,4340.262,4298.361,4338.792,125.4992
25.09.2023 23:00:00.000 GMT+0200,4340.197,4340.197,4265.501,4279.743,119.0304
26.09.2023 23:00:00.000 GMT+0200,4279.991,4296.022,4238.274,4280.921,130.8459
27.09.2023 23:00:00.000 GMT+0200,4283.237,4317.594,4263.079,4299.869,165.55579999999998
28.09.2023 23:00:00.000 GMT+0200,4303.286,4333.617,4274.111,4291.826,165.37619999999998
29.09.2023 23:00:00.000 GMT+0200,4291.826,4291.826,4291.826,4291.826,0
30.09.2023 23:00:00.000 GMT+0200,4291.826,4291.826,4291.826,4291.826,0
01.10.2023 23:00:00.000 GMT+0200,4313.246,4319.882,4259.344,4289.639,188.72759999999997
02.10.2023 23:00:00.000 GMT+0200,4289.027,4299.252,4215.760,4231.984,182.4471
03.10.2023 23:00:00.000 GMT+0200,4226.946,4268.707,4201.021,4258.519,189.20450000000002
04.10.2023 23:00:00.000 GMT+0200,4255.002,4267.424,4225.551,4255.614,161.1129
05.10.2023 23:00:00.000 GMT+0200,4254.786,4324.376,4209.923,4312.082,185.84890000000001
06.10.2023 23:00:00.000 GMT+0200,4312.082,4312.082,4312.082,4312.082,0
07.10.2023 23:00:00.000 GMT+0200,4312.082,4312.082,4312.082,4312.082,0
08.10.2023 23:00:00.000 GMT+0200,4278.499,4341.841,4266.993,4336.772,142.72000000000003
09.10.2023 23:00:00.000 GMT+0200,4334.781,4385.580,4332.776,4358.461,130.989
10.10.2023 23:00:00.000 GMT+0200,4358.297,4384.816,4344.839,4384.560,120.07669999999999
11.10.2023 23:00:00.000 GMT+0200,4384.076,4397.942,4324.921,4351.011,138.0538
12.10.2023 23:00:00.000 GMT+0200,4350.367,4377.177,4311.426,4321.911,175.77519999999998
13.10.2023 23:00:00.000 GMT+0200,4321.911,4321.911,4321.911,4321.911,0
14.10.2023 23:00:00.000 GMT+0200,4321.911,4321.911,4321.911,4321.911,0
15.10.2023 23:00:00.000 GMT+0200,4329.476,4383.542,4325.729,4375.194,123.3444
16.10.2023 23:00:00.000 GMT+0200,4376.299,4393.527,4336.903,4368.704,139.6728
17.10.2023 23:00:00.000 GMT+0200,4369.977,4370.349,4303.509,4321.751,210.1301
18.10.2023 23:00:00.000 GMT+0200,4318.387,4340.031,4267.512,4269.129,354.3595
19.10.2023 23:00:00.000 GMT+0200,4269.947,4278.947,4220.061,4220.082,239.5171
20.10.2023 23:00:00.000 GMT+0200,4220.082,4220.082,4220.082,4220.082,0
21.10.2023 23:00:00.000 GMT+0200,4220.082,4220.082,4220.082,4220.082,0
22.10.2023 23:00:00.000 GMT+0200,4231.749,4255.876,4188.911,4224.181,230.43730000000002
23.10.2023 23:00:00.000 GMT+0200,4226.424,4266.346,4218.106,4249.993,211.6814
24.10.2023 23:00:00.000 GMT+0200,4243.927,4249.579,4181.191,4192.634,263.4031
25.10.2023 23:00:00.000 GMT+0200,4179.309,4183.352,4127.377,4146.257,313.8182
26.10.2023 23:00:00.000 GMT+0200,4146.850,4164.797,4103.227,4117.687,293.2801999999999
27.10.2023 23:00:00.000 GMT+0200,4117.687,4117.687,4117.687,4117.687,0
28.10.2023 23:00:00.000 GMT+0200,4117.687,4117.687,4117.687,4117.687,0
29.10.2023 22:00:00.000 GMT+0100,4131.050,4177.156,4125.103,4166.480,190.02439999999996
30.10.2023 22:00:00.000 GMT+0100,4164.226,4195.237,4147.593,4186.259,212.38820000000004
31.10.2023 22:00:00.000 GMT+0100,4186.232,4245.417,4172.284,4236.090,243.1098
01.11.2023 22:00:00.000 GMT+0100,4239.130,4319.757,4238.643,4315.446,135.9392
02.11.2023 22:00:00.000 GMT+0100,4308.377,4373.400,4308.377,4361.623,161.0438
03.11.2023 22:00:00.000 GMT+0100,4361.623,4361.623,4361.623,4361.623,0
04.11.2023 22:00:00.000 GMT+0100,4361.623,4361.623,4361.623,4361.623,0
05.11.2023 23:00:00.000 GMT+0100,4362.493,4372.177,4346.896,4364.659,120.97970000000002
06.11.2023 23:00:00.000 GMT+0100,4361.997,4386.007,4349.174,4378.454,135.73610000000002
07.11.2023 23:00:00.000 GMT+0100,4379.334,4390.737,4358.931,4379.183,139.90030000000002
08.11.2023 23:00:00.000 GMT+0100,4375.459,4396.889,4342.992,4350.172,177.115
09.11.2023 23:00:00.000 GMT+0100,4349.233,4419.713,4339.024,4415.966,140.04070000000002
10.11.2023 23:00:00.000 GMT+0100,4415.966,4415.966,4415.966,4415.966,0
11.11.2023 23:00:00.000 GMT+0100,4415.966,4415.966,4415.966,4415.966,0
12.11.2023 23:00:00.000 GMT+0100,4409.652,4422.027,4392.314,4412.081,108.0801
13.11.2023 23:00:00.000 GMT+0100,4411.880,4508.787,4409.651,4498.139,140.1738
14.11.2023 23:00:00.000 GMT+0100,4499.760,4524.312,4494.783,4496.740,149.69819999999999
15.11.2023 23:00:00.000 GMT+0100,4497.513,4510.629,4487.316,4508.467,129.859
16.11.2023 23:00:00.000 GMT+0100,4512.902,4525.127,4499.190,4511.064,121.5044
17.11.2023 23:00:00.000 GMT+0100,4511.064,4511.064,4511.064,4511.064,0
18.11.2023 23:00:00.000 GMT+0100,4511.064,4511.064,4511.064,4511.064,0
19.11.2023 23:00:00.000 GMT+0100,4513.114,4557.147,4505.861,4544.900,87.9437
20.11.2023 23:00:00.000 GMT+0100,4548.270,4553.087,4525.497,4533.353,98.24799999999999
21.11.2023 23:00:00.000 GMT+0100,4534.467,4569.120,4530.484,4554.667,119.6151
22.11.2023 23:00:00.000 GMT+0100,4553.979,4562.427,4551.266,4560.873,23.156599999999997
23.11.2023 23:00:00.000 GMT+0100,4561.047,4564.023,4552.670,4555.417,44.6459
24.11.2023 23:00:00.000 GMT+0100,4555.417,4555.417,4555.417,4555.417,0
25.11.2023 23:00:00.000 GMT+0100,4555.417,4555.417,4555.417,4555.417,0
26.11.2023 23:00:00.000 GMT+0100,4557.432,4560.407,4541.911,4550.520,60.067499999999995
27.11.2023 23:00:00.000 GMT+0100,4552.107,4567.967,4537.934,4555.053,77.2469
28.11.2023 23:00:00.000 GMT+0100,4555.267,4587.740,4546.774,4555.616,77.22040000000001
29.11.2023 23:00:00.000 GMT+0100,4553.103,4570.552,4536.420,4565.267,98.1979
30.11.2023 23:00:00.000 GMT+0100,4562.964,4599.281,4554.393,4594.201,109.029
01.12.2023 23:00:00.000 GMT+0100,4594.201,4594.201,4594.201,4594.201,0
02.12.2023 23:00:00.000 GMT+0100,4594.201,4594.201,4594.201,4594.201,0
03.12.2023 23:00:00.000 GMT+0100,4595.032,4596.077,4546.481,4565.717,83.9347
04.12.2023 23:00:00.000 GMT+0100,4565.583,4578.567,4548.683,4568.919,111.6014
05.12.2023 23:00:00.000 GMT+0100,4565.936,4591.929,4545.933,4549.536,90.0305
06.12.2023 23:00:00.000 GMT+0100,4548.930,4589.882,4542.867,4581.317,88.14020000000002
07.12.2023 23:00:00.000 GMT+0100,4579.629,4609.173,4560.311,4601.626,103.9528
08.12.2023 23:00:00.000 GMT+0100,4601.626,4601.626,4601.626,4601.626,0
09.12.2023 23:00:00.000 GMT+0100,4601.626,4601.626,4601.626,4601.626,0
10.12.2023 23:00:00.000 GMT+0100,4603.477,4623.523,4595.511,4620.997,81.837
11.12.2023 23:00:00.000 GMT+0100,4621.401,4646.117,4607.417,4645.642,75.73380000000002
12.12.2023 23:00:00.000 GMT+0100,4645.877,4709.969,4642.582,4708.827,94.3047
13.12.2023 23:00:00.000 GMT+0100,4705.592,4738.227,4693.161,4716.647,122.5441
14.12.2023 23:00:00.000 GMT+0100,4713.796,4736.187,4704.120,4717.832,105.9094
15.12.2023 23:00:00.000 GMT+0100,4717.832,4717.832,4717.832,4717.832,0
16.12.2023 23:00:00.000 GMT+0100,4717.832,4717.832,4717.832,4717.832,0
17.12.2023 23:00:00.000 GMT+0100,4718.231,4749.851,4716.111,4736.822,67.70909999999999
18.12.2023 23:00:00.000 GMT+0100,4737.147,4768.967,4735.144,4764.942,53.49549999999999
19.12.2023 23:00:00.000 GMT+0100,4765.297,4777.892,4691.973,4695.186,87.0642
20.12.2023 23:00:00.000 GMT+0100,4701.682,4748.957,4701.562,4746.630,119.95919999999998
21.12.2023 23:00:00.000 GMT+0100,4746.984,4772.937,4735.811,4751.282,92.4571
22.12.2023 23:00:00.000 GMT+0100,4751.282,4751.282,4751.282,4751.282,0
23.12.2023 23:00:00.000 GMT+0100,4751.282,4751.282,4751.282,4751.282,0
24.12.2023 23:00:00.000 GMT+0100,4751.282,4751.282,4751.282,4751.282,0
25.12.2023 23:00:00.000 GMT+0100,4751.949,4784.437,4751.814,4776.211,41.2183
26.12.2023 23:00:00.000 GMT+0100,4777.922,4786.777,4767.646,4785.316,61.987799999999986
27.12.2023 23:00:00.000 GMT+0100,4784.507,4795.867,4781.529,4786.546,52.2296
28.12.2023 23:00:00.000 GMT+0100,4786.401,4795.067,4750.997,4767.076,67.3765
29.12.2023 23:00:00.000 GMT+0100,4767.076,4767.076,4767.076,4767.076,0
30.12.2023 23:00:00.000 GMT+0100,4767.076,4767.076,4767.076,4767.076,0
31.12.2023 23:00:00.000 GMT+0100,4767.076,4767.076,4767.076,4767.076,0
01.01.2024 23:00:00.000 GMT+0100,4770.867,4782.177,4722.734,4744.727,103.87929999999999
02.01.2024 23:00:00.000 GMT+0100,4746.803,4747.306,4699.360,4704.630,123.24879999999997
03.01.2024 23:00:00.000 GMT+0100,4708.061,4726.587,4687.529,4688.797,100.6384
04.01.2024 23:00:00.000 GMT+0100,4693.856,4721.516,4663.222,4698.073,140.27439999999999
05.01.2024 23:00:00.000 GMT+0100,4698.073,4698.073,4698.073,4698.073,0
06.01.2024 23:00:00.000 GMT+0100,4698.073,4698.073,4698.073,4698.073,0
07.01.2024 23:00:00.000 GMT+0100,4695.996,4764.807,4676.370,4761.560,90.72769999999998
08.01.2024 23:00:00.000 GMT+0100,4759.020,4765.692,4730.277,4753.676,94.2142
09.01.2024 23:00:00.000 GMT+0100,4751.964,4791.176,4748.267,4782.407,86.53600000000002
10.01.2024 23:00:00.000 GMT+0100,4783.170,4802.423,4738.620,4779.436,147.77720000000002
11.01.2024 23:00:00.000 GMT+0100,4776.400,4801.987,4758.024,4779.167,137.7463
12.01.2024 23:00:00.000 GMT+0100,4779.167,4779.167,4779.167,4779.167,0
13.01.2024 23:00:00.000 GMT+0100,4779.167,4779.167,4779.167,4779.167,0
14.01.2024 23:00:00.000 GMT+0100,4777.461,4788.732,4772.461,4779.211,34.33279999999999
15.01.2024 23:00:00.000 GMT+0100,4777.714,4782.196,4746.671,4765.671,140.58890000000002
16.01.2024 23:00:00.000 GMT+0100,4766.307,4767.589,4714.284,4736.527,117.61649999999999
17.01.2024 23:00:00.000 GMT+0100,4735.231,4785.976,4732.611,4778.510,119.8634
18.01.2024 23:00:00.000 GMT+0100,4779.833,4842.832,4777.606,4840.567,112.1481
19.01.2024 23:00:00.000 GMT+0100,4840.567,4840.567,4840.567,4840.567,0
20.01.2024 23:00:00.000 GMT+0100,4840.567,4840.567,4840.567,4840.567,0
21.01.2024 23:00:00.000 GMT+0100,4841.879,4867.120,4841.740,4849.212,76.5386
22.01.2024 23:00:00.000 GMT+0100,4849.561,4867.789,4844.321,4867.789,71.4789
23.01.2024 23:00:00.000 GMT+0100,4870.567,4903.361,4859.651,4863.687,95.2016
24.01.2024 23:00:00.000 GMT+0100,4871.740,4898.567,4865.611,4893.744,117.7654
25.01.2024 23:00:00.000 GMT+0100,4890.510,4906.783,4870.614,4887.582,105.02459999999999
26.01.2024 23:00:00.000 GMT+0100,4887.582,4887.582,4887.582,4887.582,0
27.01.2024 23:00:00.000 GMT+0100,4887.582,4887.582,4887.582,4887.582,0
28.01.2024 23:00:00.000 GMT+0100,4883.117,4929.492,4875.231,4924.732,65.12729999999999
29.01.2024 23:00:00.000 GMT+0100,4924.443,4931.162,4912.974,4918.949,70.7563
30.01.2024 23:00:00.000 GMT+0100,4903.251,4912.653,4841.227,4846.941,163.2801
31.01.2024 23:00:00.000 GMT+0100,4851.997,4922.794,4849.561,4921.551,111.13170000000001
01.02.2024 23:00:00.000 GMT+0100,4928.890,4975.186,4903.644,4956.311,136.99290000000002
02.02.2024 23:00:00.000 GMT+0100,4956.311,4956.311,4956.311,4956.311,0
03.02.2024 23:00:00.000 GMT+0100,4956.311,4956.311,4956.311,4956.311,0
04.02.2024 23:00:00.000 GMT+0100,4951.737,4958.364,4917.111,4937.970,99.75289999999998
05.02.2024 23:00:00.000 GMT+0100,4937.941,4957.732,4934.182,4948.522,100.55120000000001
06.02.2024 23:00:00.000 GMT+0100,4951.169,4999.779,4949.894,4994.420,85.1776
07.02.2024 23:00:00.000 GMT+0100,4997.004,5000.999,4984.822,4996.972,63.2299
08.02.2024 23:00:00.000 GMT+0100,4995.609,5030.130,4994.110,5024.332,62.701
09.02.2024 23:00:00.000 GMT+0100,5024.332,5024.332,5024.332,5024.332,0
10.02.2024 23:00:00.000 GMT+0100,5024.332,5024.332,5024.332,5024.332,0
11.02.2024 23:00:00.000 GMT+0100,5024.234,5048.436,5014.681,5015.939,60.712399999999995
12.02.2024 23:00:00.000 GMT+0100,5016.194,5022.226,4920.010,4953.597,126.71069999999999
13.02.2024 23:00:00.000 GMT+0100,4956.642,5002.980,4951.003,5001.200,106.3378
14.02.2024 23:00:00.000 GMT+0100,5001.740,5034.567,4995.661,5031.824,91.63370000000002
15.02.2024 23:00:00.000 GMT+0100,5032.902,5042.910,4997.641,5000.064,109.47319999999999
16.02.2024 23:00:00.000 GMT+0100,5000.064,5000.064,5000.064,5000.064,0
17.02.2024 23:00:00.000 GMT+0100,5000.064,5000.064,5000.064,5000.064,0
18.02.2024 23:00:00.000 GMT+0100,5002.120,5014.126,5002.120,5009.427,20.2165
19.02.2024 23:00:00.000 GMT+0100,5009.234,5009.234,4954.483,4971.813,131.87179999999998
20.02.2024 23:00:00.000 GMT+0100,4974.466,4983.162,4944.964,4978.157,118.0913
21.02.2024 23:00:00.000 GMT+0100,5005.267,5094.569,5002.831,5081.800,105.76429999999998
22.02.2024 23:00:00.000 GMT+0100,5082.787,5110.887,5079.860,5085.383,103.62910000000001
23.02.2024 23:00:00.000 GMT+0100,5085.383,5085.383,5085.383,5085.383,0
24.02.2024 23:00:00.000 GMT+0100,5085.383,5085.383,5085.383,5085.383,0
25.02.2024 23:00:00.000 GMT+0100,5085.499,5096.647,5065.981,5067.913,78.7759
26.02.2024 23:00:00.000 GMT+0100,5066.830,5081.619,5056.787,5081.101,79.0963
27.02.2024 23:00:00.000 GMT+0100,5079.494,5080.007,5053.413,5060.751,80.11820000000002
28.02.2024 23:00:00.000 GMT+0100,5061.961,5104.882,5051.470,5091.007,102.08470000000001
29.02.2024 23:00:00.000 GMT+0100,5092.019,5140.560,5080.707,5132.176,90.3519
01.03.2024 23:00:00.000 GMT+0100,5132.176,5132.176,5132.176,5132.176,0
02.03.2024 23:00:00.000 GMT+0100,5132.176,5132.176,5132.176,5132.176,0
03.03.2024 23:00:00.000 GMT+0100,5133.214,5149.577,5123.861,5126.814,59.9377
04.03.2024 23:00:00.000 GMT+0100,5125.586,5127.592,5056.164,5083.287,109.18149999999999
05.03.2024 23:00:00.000 GMT+0100,5083.607,5127.682,5076.410,5105.722,148.72740000000002
06.03.2024 23:00:00.000 GMT+0100,5109.097,5165.532,5081.790,5150.617,112.0123
07.03.2024 23:00:00.000 GMT+0100,5155.572,5188.987,5117.346,5128.679,205.70850000000002
08.03.2024 23:00:00.000 GMT+0100,5128.679,5128.679,5128.679,5128.679,0
09.03.2024 23:00:00.000 GMT+0100,5128.679,5128.679,5128.679,5128.679,0
10.03.2024 22:00:00.000 GMT+0100,5125.967,5128.277,5090.981,5121.054,189.7305
11.03.2024 22:00:00.000 GMT+0100,5125.476,5180.132,5111.217,5174.906,155.34490000000002
12.03.2024 22:00:00.000 GMT+0100,5171.576,5181.046,5150.769,5168.454,103.5501
13.03.2024 22:00:00.000 GMT+0100,5169.537,5186.932,5123.030,5151.764,154.50979999999998
14.03.2024 22:00:00.000 GMT+0100,5149.756,5164.306,5104.471,5119.017,145.56009999999998
15.03.2024 22:00:00.000 GMT+0100,5119.017,5119.017,5119.017,5119.017,0
16.03.2024 22:00:00.000 GMT+0100,5119.017,5119.017,5119.017,5119.017,0
17.03.2024 22:00:00.000 GMT+0100,5120.017,5175.676,5116.782,5150.653,98.271
18.03.2024 22:00:00.000 GMT+0100,5148.790,5180.537,5122.386,5176.472,115.1155
19.03.2024 22:00:00.000 GMT+0100,5175.223,5232.317,5168.680,5231.526,136.1491
20.03.2024 22:00:00.000 GMT+0100,5233.273,5261.494,5232.211,5245.502,97.1457
21.03.2024 22:00:00.000 GMT+0100,5245.622,5250.873,5229.297,5230.332,79.31599999999999
22.03.2024 22:00:00.000 GMT+0100,5230.332,5230.332,5230.332,5230.332,0
23.03.2024 22:00:00.000 GMT+0100,5230.332,5230.332,5230.332,5230.332,0
24.03.2024 22:00:00.000 GMT+0100,5230.981,5235.620,5213.611,5218.500,64.47489999999999
25.03.2024 22:00:00.000 GMT+0100,5221.829,5241.677,5204.202,5212.429,65.82670000000002
26.03.2024 22:00:00.000 GMT+0100,5216.861,5254.821,5213.926,5252.632,77.0265
27.03.2024 22:00:00.000 GMT+0100,5248.989,5263.120,5242.669,5249.332,67.52749999999999
28.03.2024 22:00:00.000 GMT+0100,5249.332,5249.332,5249.332,5249.332,0
29.03.2024 22:00:00.000 GMT+0100,5249.332,5249.332,5249.332,5249.332,0
30.03.2024 22:00:00.000 GMT+0100,5249.332,5249.332,5249.332,5249.332,0
31.03.2024 23:00:00.000 GMT+0200,5259.382,5275.579,5227.620,5239.817,64.62310000000001
01.04.2024 23:00:00.000 GMT+0200,5239.367,5242.949,5183.480,5209.111,86.81909999999999
02.04.2024 23:00:00.000 GMT+0200,5208.949,5228.243,5192.361,5216.574,114.53210000000001
03.04.2024 23:00:00.000 GMT+0200,5218.727,5257.129,5147.069,5154.179,139.98959999999997
04.04.2024 23:00:00.000 GMT+0200,5156.439,5222.957,5142.973,5200.076,212.3626
05.04.2024 23:00:00.000 GMT+0200,5200.076,5200.076,5200.076,5200.076,0
06.04.2024 23:00:00.000 GMT+0200,5200.076,5200.076,5200.076,5200.076,0
07.04.2024 23:00:00.000 GMT+0200,5215.243,5219.827,5186.782,5208.274,136.82909999999998
08.04.2024 23:00:00.000 GMT+0200,5208.007,5224.327,5160.374,5217.009,142.61469999999997
09.04.2024 23:00:00.000 GMT+0200,5214.776,5232.777,5130.097,5150.263,243.39800000000002
10.04.2024 23:00:00.000 GMT+0200,5156.387,5212.077,5129.477,5198.522,206.85429999999997
11.04.2024 23:00:00.000 GMT+0200,5197.782,5203.364,5107.144,5126.823,217.33530000000005
12.04.2024 23:00:00.000 GMT+0200,5126.823,5126.823,5126.823,5126.823,0
13.04.2024 23:00:00.000 GMT+0200,5126.823,5126.823,5126.823,5126.823,0
14.04.2024 23:00:00.000 GMT+0200,5129.927,5170.132,5051.734,5057.077,261.3973
15.04.2024 23:00:00.000 GMT+0200,5059.496,5080.741,5038.247,5050.421,305.84819999999996
16.04.2024 23:00:00.000 GMT+0200,5054.867,5078.876,5006.694,5020.306,264.4642
17.04.2024 23:00:00.000 GMT+0200,5024.243,5056.889,5000.966,5010.960,239.6226
18.04.2024 23:00:00.000 GMT+0200,5009.369,5019.192,4926.633,4965.579,345.506
19.04.2024 23:00:00.000 GMT+0200,4965.579,4965.579,4965.579,4965.579,0
20.04.2024 23:00:00.000 GMT+0200,4965.579,4965.579,4965.579,4965.579,0
21.04.2024 23:00:00.000 GMT+0200,4979.297,5038.799,4969.060,5007.644,200.5516
22.04.2024 23:00:00.000 GMT+0200,5014.321,5076.402,5000.994,5073.634,187.15160000000003
23.04.2024 23:00:00.000 GMT+0200,5079.273,5092.203,5046.480,5050.067,159.26189999999997
24.04.2024 23:00:00.000 GMT+0200,5036.870,5098.329,4988.411,5092.687,237.59040000000005
25.04.2024 23:00:00.000 GMT+0200,5100.466,5114.417,5072.157,5098.076,138.19050000000001
26.04.2024 23:00:00.000 GMT+0200,5098.076,5098.076,5098.076,5098.076,0
27.04.2024 23:00:00.000 GMT+0200,5098.076,5098.076,5098.076,5098.076,0
28.04.2024 23:00:00.000 GMT+0200,5108.177,5122.379,5087.630,5116.336,120.0754
29.04.2024 23:00:00.000 GMT+0200,5116.101,5116.129,5024.500,5034.159,153.1705
30.04.2024 23:00:00.000 GMT+0200,5018.871,5094.817,5008.581,5021.594,240.60100000000003
01.05.2024 23:00:00.000 GMT+0200,5030.376,5073.534,5009.844,5065.043,208.79489999999998
02.05.2024 23:00:00.000 GMT+0200,5081.582,5138.761,5072.406,5134.426,154.4906
03.05.2024 23:00:00.000 GMT+0200,5134.426,5134.426,5134.426,5134.426,0
04.05.2024 23:00:00.000 GMT+0200,5134.426,5134.426,5134.426,5134.426,0
05.05.2024 23:00:00.000 GMT+0200,5141.340,5180.623,5128.970,5177.162,63.868100000000005
06.05.2024 23:00:00.000 GMT+0200,5177.637,5200.111,5175.592,5188.677,76.9919
07.05.2024 23:00:00.000 GMT+0200,5184.867,5192.134,5163.517,5182.943,74.9794
08.05.2024 23:00:00.000 GMT+0200,5184.924,5220.107,5170.424,5218.060,86.67439999999999
09.05.2024 23:00:00.000 GMT+0200,5215.167,5239.659,5208.670,5219.756,74.5778
10.05.2024 23:00:00.000 GMT+0200,5219.756,5219.756,5219.756,5219.756,0
11.05.2024 23:00:00.000 GMT+0200,5219.756,5219.756,5219.756,5219.756,0
12.05.2024 23:00:00.000 GMT+0200,5218.647,5239.870,5210.114,5218.861,61.4801
13.05.2024 23:00:00.000 GMT+0200,5217.459,5250.047,5199.537,5244.554,79.5958
14.05.2024 23:00:00.000 GMT+0200,5243.184,5312.479,5241.441,5302.229,83.60099999999998
15.05.2024 23:00:00.000 GMT+0200,5307.379,5325.712,5293.814,5294.342,73.0595
16.05.2024 23:00:00.000 GMT+0200,5295.201,5305.629,5283.044,5302.814,68.3125
17.05.2024 23:00:00.000 GMT+0200,5302.814,5302.814,5302.814,5302.814,0
18.05.2024 23:00:00.000 GMT+0200,5302.814,5302.814,5302.814,5302.814,0
19.05.2024 23:00:00.000 GMT+0200,5306.611,5325.340,5301.213,5307.179,56.4225
20.05.2024 23:00:00.000 GMT+0200,5308.650,5324.337,5300.353,5321.107,51.16459999999999
21.05.2024 23:00:00.000 GMT+0200,5320.853,5326.242,5285.386,5306.842,83.27159999999999
22.05.2024 23:00:00.000 GMT+0200,5321.029,5349.827,5256.461,5268.731,143.60760000000002
23.05.2024 23:00:00.000 GMT+0200,5268.960,5312.116,5268.461,5303.311,90.0398
24.05.2024 23:00:00.000 GMT+0200,5303.311,5303.311,5303.311,5303.311,0
25.05.2024 23:00:00.000 GMT+0200,5303.311,5303.311,5303.311,5303.311,0
26.05.2024 23:00:00.000 GMT+0200,5304.617,5317.382,5295.379,5316.111,19.920999999999996
27.05.2024 23:00:00.000 GMT+0200,5316.987,5321.677,5280.202,5304.939,106.89290000000001
28.05.2024 23:00:00.000 GMT+0200,5305.907,5305.992,5261.416,5262.891,125.85459999999999
29.05.2024 23:00:00.000 GMT+0200,5256.611,5260.113,5221.634,5226.440,127.92200000000001
30.05.2024 23:00:00.000 GMT+0200,5235.620,5291.832,5191.093,5282.434,160.95709999999997
31.05.2024 23:00:00.000 GMT+0200,5282.434,5282.434,5282.434,5282.434,0
01.06.2024 23:00:00.000 GMT+0200,5282.434,5282.434,5282.434,5282.434,0
02.06.2024 23:00:00.000 GMT+0200,5286.490,5298.927,5232.994,5286.577,172.6836
03.06.2024 23:00:00.000 GMT+0200,5285.756,5298.783,5248.484,5291.097,179.6857
04.06.2024 23:00:00.000 GMT+0200,5291.821,5354.449,5289.084,5350.141,115.6923
05.06.2024 23:00:00.000 GMT+0200,5353.589,5361.697,5334.284,5350.751,124.96720000000002
06.06.2024 23:00:00.000 GMT+0200,5351.490,5375.522,5318.879,5341.969,187.02919999999997
07.06.2024 23:00:00.000 GMT+0200,5341.969,5341.969,5341.969,5341.969,0
08.06.2024 23:00:00.000 GMT+0200,5341.969,5341.969,5341.969,5341.969,0
09.06.2024 23:00:00.000 GMT+0200,5340.764,5366.087,5328.273,5356.422,127.40769999999999
10.06.2024 23:00:00.000 GMT+0200,5360.749,5377.320,5326.210,5376.574,127.9108
11.06.2024 23:00:00.000 GMT+0200,5375.466,5447.260,5371.486,5417.959,185.8341
12.06.2024 23:00:00.000 GMT+0200,5429.487,5445.833,5402.229,5430.360,150.8209
13.06.2024 23:00:00.000 GMT+0200,5431.077,5438.077,5393.023,5429.311,170.42260000000002
14.06.2024 23:00:00.000 GMT+0200,5429.311,5429.311,5429.311,5429.311,0
15.06.2024 23:00:00.000 GMT+0200,5429.311,5429.311,5429.311,5429.311,0
16.06.2024 23:00:00.000 GMT+0200,5431.002,5488.867,5420.370,5472.581,151.35540000000003
17.06.2024 23:00:00.000 GMT+0200,5475.352,5490.297,5469.750,5489.697,115.846
18.06.2024 23:00:00.000 GMT+0200,5489.161,5494.614,5487.521,5489.861,23.237199999999998
19.06.2024 23:00:00.000 GMT+0200,5490.246,5516.277,5455.633,5470.169,168.9246
20.06.2024 23:00:00.000 GMT+0200,5475.326,5482.176,5451.034,5469.823,165.4386
21.06.2024 23:00:00.000 GMT+0200,5469.823,5469.823,5469.823,5469.823,0
22.06.2024 23:00:00.000 GMT+0200,5469.823,5469.823,5469.823,5469.823,0
23.06.2024 23:00:00.000 GMT+0200,5470.132,5490.557,5442.533,5448.256,155.63790000000003
24.06.2024 23:00:00.000 GMT+0200,5447.959,5473.659,5445.222,5467.897,123.9494
25.06.2024 23:00:00.000 GMT+0200,5468.826,5486.192,5451.097,5468.259,136.00750000000002
26.06.2024 23:00:00.000 GMT+0200,5467.494,5490.727,5451.101,5485.990,135.49769999999998
27.06.2024 23:00:00.000 GMT+0200,5487.479,5523.897,5450.331,5470.314,176.09790000000004
28.06.2024 23:00:00.000 GMT+0200,5470.314,5470.314,5470.314,5470.314,0
29.06.2024 23:00:00.000 GMT+0200,5470.314,5470.314,5470.314,5470.314,0
30.06.2024 23:00:00.000 GMT+0200,5472.484,5480.129,5445.154,5471.783,162.2698
01.07.2024 23:00:00.000 GMT+0200,5472.726,5510.652,5444.161,5506.410,134.4332
02.07.2024 23:00:00.000 GMT+0200,5503.704,5538.614,5501.334,5534.249,73.39269999999999
03.07.2024 23:00:00.000 GMT+0200,5533.687,5539.867,5528.361,5531.867,16.4036
04.07.2024 23:00:00.000 GMT+0200,5531.737,5570.122,5530.423,5563.561,107.7141
05.07.2024 23:00:00.000 GMT+0200,5563.561,5563.561,5563.561,5563.561,0
06.07.2024 23:00:00.000 GMT+0200,5563.561,5563.561,5563.561,5563.561,0
07.07.2024 23:00:00.000 GMT+0200,5556.499,5582.382,5555.364,5573.052,80.5281
08.07.2024 23:00:00.000 GMT+0200,5573.539,5590.886,5571.800,5577.469,81.32119999999999
09.07.2024 23:00:00.000 GMT+0200,5578.207,5635.694,5576.480,5629.536,63.890499999999996
10.07.2024 23:00:00.000 GMT+0200,5630.147,5654.159,5576.530,5585.127,192.37520000000004
11.07.2024 23:00:00.000 GMT+0200,5586.443,5655.616,5570.496,5616.832,139.3052
12.07.2024 23:00:00.000 GMT+0200,5616.832,5616.832,5616.832,5616.832,0
13.07.2024 23:00:00.000 GMT+0200,5616.832,5616.832,5616.832,5616.832,0
14.07.2024 23:00:00.000 GMT+0200,5620.990,5666.932,5613.493,5633.422,169.24810000000002
15.07.2024 23:00:00.000 GMT+0200,5637.797,5669.822,5621.831,5663.787,168.8104
16.07.2024 23:00:00.000 GMT+0200,5663.446,5666.306,5581.711,5588.397,229.9169
17.07.2024 23:00:00.000 GMT+0200,5594.043,5614.580,5522.213,5546.510,286.3992
18.07.2024 23:00:00.000 GMT+0200,5556.777,5561.077,5496.344,5501.570,278.6085
19.07.2024 23:00:00.000 GMT+0200,5501.570,5501.570,5501.570,5501.570,0
20.07.2024 23:00:00.000 GMT+0200,5501.570,5501.570,5501.570,5501.570,0
21.07.2024 23:00:00.000 GMT+0200,5515.243,5570.207,5507.132,5564.150,210.3175
22.07.2024 23:00:00.000 GMT+0200,5562.139,5585.147,5542.961,5551.789,166.9535
23.07.2024 23:00:00.000 GMT+0200,5536.620,5539.572,5419.967,5438.023,180.40040000000002
24.07.2024 23:00:00.000 GMT+0200,5438.907,5491.987,5390.794,5403.287,392.12350000000004
25.07.2024 23:00:00.000 GMT+0200,5406.586,5488.557,5405.757,5461.561,322.696
26.07.2024 23:00:00.000 GMT+0200,5461.561,5461.561,5461.561,5461.561,0
27.07.2024 23:00:00.000 GMT+0200,5461.561,5461.561,5461.561,5461.561,0
28.07.2024 23:00:00.000 GMT+0200,5463.146,5495.870,5443.870,5463.067,261.0687
29.07.2024 23:00:00.000 GMT+0200,5466.746,5490.114,5395.737,5406.343,280.4512
30.07.2024 23:00:00.000 GMT+0200,5415.592,5551.797,5413.961,5530.552,318.0831
31.07.2024 23:00:00.000 GMT+0200,5537.850,5565.107,5409.821,5430.222,426.74199999999996
01.08.2024 23:00:00.000 GMT+0200,5438.884,5440.437,5299.564,5340.826,538.87
02.08.2024 23:00:00.000 GMT+0200,5340.826,5340.826,5340.826,5340.826,0
03.08.2024 23:00:00.000 GMT+0200,5340.826,5340.826,5340.826,5340.826,0
04.08.2024 23:00:00.000 GMT+0200,5303.752,5314.502,5089.611,5199.254,649.1039000000001
05.08.2024 23:00:00.000 GMT+0200,5222.343,5312.423,5193.589,5233.010,494.12950000000006
06.08.2024 23:00:00.000 GMT+0200,5210.032,5331.037,5195.050,5201.952,482.3009
07.08.2024 23:00:00.000 GMT+0200,5181.059,5333.197,5155.574,5322.867,399.7078
08.08.2024 23:00:00.000 GMT+0200,5326.882,5359.362,5293.923,5342.467,363.4147
09.08.2024 23:00:00.000 GMT+0200,5342.467,5342.467,5342.467,5342.467,0
10.08.2024 23:00:00.000 GMT+0200,5342.467,5342.467,5342.467,5342.467,0
11.08.2024 23:00:00.000 GMT+0200,5337.927,5371.311,5322.146,5344.013,277.0649
12.08.2024 23:00:00.000 GMT+0200,5347.207,5436.313,5342.664,5433.304,196.0641
13.08.2024 23:00:00.000 GMT+0200,5431.353,5463.637,5415.291,5460.497,204.83159999999998
14.08.2024 23:00:00.000 GMT+0200,5457.267,5546.189,5446.873,5537.951,138.48090000000002
15.08.2024 23:00:00.000 GMT+0200,5542.647,5562.546,5512.761,5557.116,137.2956
16.08.2024 23:00:00.000 GMT+0200,5557.116,5557.116,5557.116,5557.116,0
17.08.2024 23:00:00.000 GMT+0200,5557.116,5557.116,5557.116,5557.116,0
18.08.2024 23:00:00.000 GMT+0200,5559.700,5608.057,5542.629,5601.577,100.38229999999999
19.08.2024 23:00:00.000 GMT+0200,5606.437,5620.343,5584.520,5602.117,114.39320000000001
20.08.2024 23:00:00.000 GMT+0200,5595.879,5632.972,5591.647,5617.700,159.407
21.08.2024 23:00:00.000 GMT+0200,5619.184,5642.067,5560.576,5575.387,202.89079999999998
22.08.2024 23:00:00.000 GMT+0200,5579.834,5641.762,5579.016,5630.627,249.0981
23.08.2024 23:00:00.000 GMT+0200,5630.627,5630.627,5630.627,5630.627,0
24.08.2024 23:00:00.000 GMT+0200,5630.627,5630.627,5630.627,5630.627,0
25.08.2024 23:00:00.000 GMT+0200,5631.114,5649.979,5601.261,5611.731,170.4065
26.08.2024 23:00:00.000 GMT+0200,5610.956,5631.319,5593.580,5626.203,145.5235
27.08.2024 23:00:00.000 GMT+0200,5625.587,5632.817,5560.647,5588.680,188.3201
28.08.2024 23:00:00.000 GMT+0200,5561.617,5647.241,5543.614,5601.703,285.393
29.08.2024 23:00:00.000 GMT+0200,5604.140,5651.087,5581.014,5640.823,203.6876
30.08.2024 23:00:00.000 GMT+0200,5640.823,5640.823,5640.823,5640.823,0
31.08.2024 23:00:00.000 GMT+0200,5640.823,5640.823,5640.823,5640.823,0
01.09.2024 23:00:00.000 GMT+0200,5644.117,5653.864,5624.361,5651.752,25.872700000000002
02.09.2024 23:00:00.000 GMT+0200,5652.011,5655.567,5503.682,5531.183,236.2876
03.09.2024 23:00:00.000 GMT+0200,5525.309,5552.549,5494.057,5510.013,278.189
04.09.2024 23:00:00.000 GMT+0200,5516.567,5546.422,5479.371,5505.707,240.1381
05.09.2024 23:00:00.000 GMT+0200,5502.461,5522.926,5402.227,5406.561,319.7742
06.09.2024 23:00:00.000 GMT+0200,5406.561,5406.561,5406.561,5406.561,0
07.09.2024 23:00:00.000 GMT+0200,5406.561,5406.561,5406.561,5406.561,0
08.09.2024 23:00:00.000 GMT+0200,5401.632,5483.919,5396.297,5473.653,184.0145
09.09.2024 23:00:00.000 GMT+0200,5479.986,5498.159,5440.692,5494.126,197.17139999999998
10.09.2024 23:00:00.000 GMT+0200,5491.311,5560.792,5406.517,5550.906,274.3379
11.09.2024 23:00:00.000 GMT+0200,5551.840,5601.139,5535.164,5589.937,241.11659999999998
12.09.2024 23:00:00.000 GMT+0200,5594.070,5636.424,5593.367,5623.877,166.63990000000004
13.09.2024 23:00:00.000 GMT+0200,5623.877,5623.877,5623.877,5623.877,0
14.09.2024 23:00:00.000 GMT+0200,5623.877,5623.877,5623.877,5623.877,0
15.09.2024 23:00:00.000 GMT+0200,5621.077,5635.951,5604.002,5629.493,191.66389999999998
16.09.2024 23:00:00.000 GMT+0200,5628.609,5671.117,5613.597,5636.596,220.4373
17.09.2024 23:00:00.000 GMT+0200,5635.794,5691.752,5614.013,5628.199,280.44280000000003
18.09.2024 23:00:00.000 GMT+0200,5629.653,5733.752,5628.024,5709.563,206.84279999999998
19.09.2024 23:00:00.000 GMT+0200,5713.446,5715.882,5674.581,5696.127,172.6358
20.09.2024 23:00:00.000 GMT+0200,5696.127,5696.127,5696.127,5696.127,0
21.09.2024 23:00:00.000 GMT+0200,5696.127,5696.127,5696.127,5696.127,0
22.09.2024 23:00:00.000 GMT+0200,5703.126,5725.927,5685.620,5717.871,168.3501
23.09.2024 23:00:00.000 GMT+0200,5716.456,5736.149,5698.532,5732.884,153.64179999999996
24.09.2024 23:00:00.000 GMT+0200,5735.491,5741.037,5711.659,5727.067,142.4242
25.09.2024 23:00:00.000 GMT+0200,5725.751,5772.562,5720.900,5745.431,165.73209999999997
26.09.2024 23:00:00.000 GMT+0200,5747.764,5763.802,5725.894,5732.629,157.9835
27.09.2024 23:00:00.000 GMT+0200,5732.629,5732.629,5732.629,5732.629,0
28.09.2024 23:00:00.000 GMT+0200,5732.629,5732.629,5732.629,5732.629,0
29.09.2024 23:00:00.000 GMT+0200,5727.670,5764.949,5701.801,5753.180,172.831
30.09.2024 23:00:00.000 GMT+0200,5752.064,5767.067,5681.074,5708.631,284.7128
01.10.2024 23:00:00.000 GMT+0200,5707.756,5720.741,5673.082,5713.970,195.2858
02.10.2024 23:00:00.000 GMT+0200,5717.887,5720.977,5675.397,5700.437,234.5762
03.10.2024 23:00:00.000 GMT+0200,5695.884,5755.082,5691.561,5750.532,216.9341
04.10.2024 23:00:00.000 GMT+0200,5750.532,5750.532,5750.532,5750.532,0
05.10.2024 23:00:00.000 GMT+0200,5750.532,5750.532,5750.532,5750.532,0
06.10.2024 23:00:00.000 GMT+0200,5750.696,5758.323,5686.152,5699.579,176.7747
07.10.2024 23:00:00.000 GMT+0200,5704.084,5757.272,5676.757,5750.457,139.3766
08.10.2024 23:00:00.000 GMT+0200,5749.700,5796.969,5732.124,5784.893,116.2845
09.10.2024 23:00:00.000 GMT+0200,5787.507,5794.972,5763.823,5779.220,141.87999999999997
10.10.2024 23:00:00.000 GMT+0200,5785.202,5822.417,5770.114,5810.377,103.9394
11.10.2024 23:00:00.000 GMT+0200,5810.377,5810.377,5810.377,5810.377,0
12.10.2024 23:00:00.000 GMT+0200,5810.377,5810.377,5810.377,5810.377,0
13.10.2024 23:00:00.000 GMT+0200,5806.990,5872.279,5804.629,5861.634,80.04299999999999
14.10.2024 23:00:00.000 GMT+0200,5866.024,5868.737,5804.356,5812.887,144.0179
15.10.2024 23:00:00.000 GMT+0200,5814.280,5846.662,5807.447,5840.359,101.5827
16.10.2024 23:00:00.000 GMT+0200,5837.756,5881.440,5826.092,5843.287,148.96859999999998
17.10.2024 23:00:00.000 GMT+0200,5844.247,5872.352,5833.677,5865.079,96.9471
18.10.2024 23:00:00.000 GMT+0200,5865.079,5865.079,5865.079,5865.079,0
19.10.2024 23:00:00.000 GMT+0200,5865.079,5865.079,5865.079,5865.079,0
20.10.2024 23:00:00.000 GMT+0200,5870.177,5872.882,5823.126,5855.573,112.00419999999998
21.10.2024 23:00:00.000 GMT+0200,5857.684,5863.387,5820.361,5848.971,114.10690000000001
22.10.2024 23:00:00.000 GMT+0200,5845.609,5853.029,5761.854,5801.639,140.4683
23.10.2024 23:00:00.000 GMT+0200,5804.907,5830.507,5784.073,5815.601,127.58739999999999
24.10.2024 23:00:00.000 GMT+0200,5814.943,5863.427,5799.081,5805.326,127.96630000000002
25.10.2024 23:00:00.000 GMT+0200,5805.326,5805.326,5805.326,5805.326,0
26.10.2024 23:00:00.000 GMT+0200,5805.326,5805.326,5805.326,5805.326,0
27.10.2024 22:00:00.000 GMT+0100,5823.120,5847.873,5821.373,5825.993,116.04700000000001
28.10.2024 22:00:00.000 GMT+0100,5828.857,5847.673,5801.621,5846.294,131.8021
29.10.2024 22:00:00.000 GMT+0100,5847.607,5857.137,5805.972,5810.037,147.43460000000002
30.10.2024 22:00:00.000 GMT+0100,5805.331,5808.663,5701.417,5709.860,172.5194
31.10.2024 22:00:00.000 GMT+0100,5711.534,5772.989,5700.777,5734.064,179.75690000000003
01.11.2024 22:00:00.000 GMT+0100,5734.064,5734.064,5734.064,5734.064,0
02.11.2024 22:00:00.000 GMT+0100,5734.064,5734.064,5734.064,5734.064,0
03.11.2024 23:00:00.000 GMT+0100,5713.490,5747.376,5695.523,5717.604,171.98529999999997
04.11.2024 23:00:00.000 GMT+0100,5720.643,5792.373,5705.847,5790.873,149.6704
05.11.2024 23:00:00.000 GMT+0100,5791.117,5936.242,5785.670,5926.559,263.032
06.11.2024 23:00:00.000 GMT+0100,5933.336,5983.949,5920.851,5977.779,145.95399999999998
07.11.2024 23:00:00.000 GMT+0100,5978.811,6013.152,5961.620,5998.814,106.95170000000002
08.11.2024 23:00:00.000 GMT+0100,5998.814,5998.814,5998.814,5998.814,0
09.11.2024 23:00:00.000 GMT+0100,5998.814,5998.814,5998.814,5998.814,0
10.11.2024 23:00:00.000 GMT+0100,6005.177,6026.873,5986.302,6001.666,104.0415
11.11.2024 23:00:00.000 GMT+0100,6000.254,6008.507,5959.811,5989.130,133.0801
12.11.2024 23:00:00.000 GMT+0100,5984.393,6007.727,5965.383,5991.690,179.3599
13.11.2024 23:00:00.000 GMT+0100,5990.056,5996.791,5936.553,5936.791,190.4216
14.11.2024 23:00:00.000 GMT+0100,5947.126,5947.917,5852.006,5874.311,200.15800000000002
15.11.2024 23:00:00.000 GMT+0100,5874.311,5874.311,5874.311,5874.311,0
16.11.2024 23:00:00.000 GMT+0100,5874.311,5874.311,5874.311,5874.311,0
17.11.2024 23:00:00.000 GMT+0100,5873.752,5908.147,5860.214,5892.991,138.2554
18.11.2024 23:00:00.000 GMT+0100,5894.114,5923.572,5831.781,5918.927,187.4797
19.11.2024 23:00:00.000 GMT+0100,5914.189,5934.409,5858.791,5919.924,190.9771
20.11.2024 23:00:00.000 GMT+0100,5915.493,5962.862,5883.297,5947.474,289.8718999999999
21.11.2024 23:00:00.000 GMT+0100,5944.634,5973.177,5920.826,5967.627,208.2525
22.11.2024 23:00:00.000 GMT+0100,5967.627,5967.627,5967.627,5967.627,0
23.11.2024 23:00:00.000 GMT+0100,5967.627,5967.627,5967.627,5967.627,0
24.11.2024 23:00:00.000 GMT+0100,5986.990,6020.682,5963.681,5991.071,164.44650000000001
25.11.2024 23:00:00.000 GMT+0100,5993.020,6024.486,5956.787,6023.369,154.44600000000003
26.11.2024 23:00:00.000 GMT+0100,6022.222,6027.597,5983.567,5998.814,130.06419999999997
27.11.2024 23:00:00.000 GMT+0100,5998.937,6016.177,5998.484,6013.177,16.5208
28.11.2024 23:00:00.000 GMT+0100,6013.847,6044.129,6003.461,6034.487,66.6921
29.11.2024 23:00:00.000 GMT+0100,6034.487,6034.487,6034.487,6034.487,0
30.11.2024 23:00:00.000 GMT+0100,6034.487,6034.487,6034.487,6034.487,0
01.12.2024 23:00:00.000 GMT+0100,6035.847,6053.207,6019.414,6051.281,86.70909999999999
02.12.2024 23:00:00.000 GMT+0100,6046.653,6053.716,6033.427,6053.210,84.1307
03.12.2024 23:00:00.000 GMT+0100,6052.951,6089.072,6048.733,6083.382,73.9337
04.12.2024 23:00:00.000 GMT+0100,6081.342,6094.547,6070.039,6071.042,73.21180000000001
05.12.2024 23:00:00.000 GMT+0100,6073.726,6099.637,6065.631,6087.514,87.61290000000001
06.12.2024 23:00:00.000 GMT+0100,6087.514,6087.514,6087.514,6087.514,0
07.12.2024 23:00:00.000 GMT+0100,6087.514,6087.514,6087.514,6087.514,0
08.12.2024 23:00:00.000 GMT+0100,6085.647,6094.232,6048.747,6050.057,87.9532
09.12.2024 23:00:00.000 GMT+0100,6052.982,6065.027,6028.961,6040.987,80.2333
10.12.2024 23:00:00.000 GMT+0100,6042.876,6093.007,6035.224,6079.297,67.1226
11.12.2024 23:00:00.000 GMT+0100,6078.327,6079.732,6047.851,6048.876,98.39339999999999
12.12.2024 23:00:00.000 GMT+0100,6056.579,6077.819,6035.263,6044.426,109.01400000000001
13.12.2024 23:00:00.000 GMT+0100,6044.426,6044.426,6044.426,6044.426,0
14.12.2024 23:00:00.000 GMT+0100,6044.426,6044.426,6044.426,6044.426,0
15.12.2024 23:00:00.000 GMT+0100,6047.676,6084.572,6044.673,6070.077,128.39329999999998
16.12.2024 23:00:00.000 GMT+0100,6069.590,6073.446,6034.737,6045.099,124.8385
17.12.2024 23:00:00.000 GMT+0100,6047.822,6070.730,5836.164,5858.814,245.0177
18.12.2024 23:00:00.000 GMT+0100,5877.352,5933.923,5864.714,5865.232,360.2519
19.12.2024 23:00:00.000 GMT+0100,5877.487,5983.066,5800.926,5934.561,373.44249999999994
20.12.2024 23:00:00.000 GMT+0100,5934.561,5934.561,5934.561,5934.561,0
21.12.2024 23:00:00.000 GMT+0100,5934.561,5934.561,5934.561,5934.561,0
22.12.2024 23:00:00.000 GMT+0100,5939.267,5977.851,5901.917,5973.106,250.82819999999998
23.12.2024 23:00:00.000 GMT+0100,5973.421,6038.126,5965.639,6036.620,90.4723
24.12.2024 23:00:00.000 GMT+0100,6036.620,6036.620,6036.620,6036.620,0
25.12.2024 23:00:00.000 GMT+0100,6037.061,6050.147,6001.367,6034.903,150.77370000000002
26.12.2024 23:00:00.000 GMT+0100,6036.082,6039.882,5931.733,5976.064,272.97090000000003
27.12.2024 23:00:00.000 GMT+0100,5976.064,5976.064,5976.064,5976.064,0
28.12.2024 23:00:00.000 GMT+0100,5976.064,5976.064,5976.064,5976.064,0
29.12.2024 23:00:00.000 GMT+0100,5974.879,5980.987,5867.949,5902.786,285.8618
30.12.2024 23:00:00.000 GMT+0100,5900.099,5931.577,5867.961,5887.449,280.8005
31.12.2024 23:00:00.000 GMT+0100,5887.449,5887.449,5887.449,5887.449,0
01.01.2025 23:00:00.000 GMT+0100,5898.434,5945.361,5830.323,5873.300,425.8001999999998
02.01.2025 23:00:00.000 GMT+0100,5873.317,5948.936,5865.132,5939.067,214.79120000000017
03.01.2025 23:00:00.000 GMT+0100,5939.067,5939.067,5939.067,5939.067,0
04.01.2025 23:00:00.000 GMT+0100,5939.067,5939.067,5939.067,5939.067,0
05.01.2025 23:00:00.000 GMT+0100,5948.177,6020.467,5933.427,5981.301,221.80879999999988
06.01.2025 23:00:00.000 GMT+0100,5982.759,6000.191,5890.711,5913.111,309.0462000000003
07.01.2025 23:00:00.000 GMT+0100,5909.887,5930.142,5874.294,5915.404,335.3864999999997
08.01.2025 23:00:00.000 GMT+0100,5911.534,5914.652,5887.137,5902.487,25.29950000000001
09.01.2025 23:00:00.000 GMT+0100,5901.687,5919.279,5806.873,5824.713,364.5153999999999
10.01.2025 23:00:00.000 GMT+0100,5824.713,5824.713,5824.713,5824.713,0
11.01.2025 23:00:00.000 GMT+0100,5824.713,5824.713,5824.713,5824.713,0
12.01.2025 23:00:00.000 GMT+0100,5819.898,5839.396,5769.401,5838.371,316.0604999999997
13.01.2025 23:00:00.000 GMT+0100,5848.183,5878.886,5804.576,5851.542,300.96039999999977
14.01.2025 23:00:00.000 GMT+0100,5849.541,5960.302,5839.999,5945.968,194.47720000000007
15.01.2025 23:00:00.000 GMT+0100,5949.123,5976.998,5924.706,5924.965,251.7086
16.01.2025 23:00:00.000 GMT+0100,5934.063,6015.126,5932.125,5993.328,173.21399999999986
17.01.2025 23:00:00.000 GMT+0100,5993.328,5993.328,5993.328,5993.328,0
18.01.2025 23:00:00.000 GMT+0100,5993.328,5993.328,5993.328,5993.328,0